,COUNT,Star,Year,University,POS
0,7,2 Star,2019,Akron,DEFENSE
1,6,2 Star,2019,Akron,OFFENSE
2,3,2 Star,2019,Akron,SPECIAL
3,6,3 Star,2019,Akron,DEFENSE
4,3,3 Star,2019,Akron,OFFENSE
5,4,2 Star,2020,Akron,DEFENSE
6,5,2 Star,2020,Akron,OFFENSE
7,9,3 Star,2020,Akron,DEFENSE
8,8,3 Star,2020,Akron,OFFENSE
9,1,3 Star,2020,Akron,SPECIAL
10,1,4 Star,2020,Akron,DEFENSE
11,4,2 Star,2021,Akron,DEFENSE
12,2,2 Star,2021,Akron,OFFENSE
13,6,3 Star,2021,Akron,DEFENSE
14,7,3 Star,2021,Akron,OFFENSE
15,1,3 Star,2021,Akron,SPECIAL
16,1,2 Star,2022,Akron,DEFENSE
17,2,2 Star,2022,Akron,OFFENSE
18,5,3 Star,2022,Akron,DEFENSE
19,10,3 Star,2022,Akron,OFFENSE
20,1,4 Star,2022,Akron,OFFENSE
21,3,2 Star,2019,Alabama,OFFENSE
22,1,3 Star,2019,Alabama,OFFENSE
23,1,3 Star,2019,Alabama,SPECIAL
24,14,4 Star,2019,Alabama,DEFENSE
25,10,4 Star,2019,Alabama,OFFENSE
26,1,5 Star,2019,Alabama,DEFENSE
27,2,5 Star,2019,Alabama,OFFENSE
28,5,3 Star,2020,Alabama,OFFENSE
29,10,4 Star,2020,Alabama,DEFENSE
30,6,4 Star,2020,Alabama,OFFENSE
31,1,4 Star,2020,Alabama,SPECIAL
32,2,5 Star,2020,Alabama,DEFENSE
33,1,5 Star,2020,Alabama,OFFENSE
34,1,5 Star,2020,Alabama,SPECIAL
35,1,2 Star,2021,Alabama,SPECIAL
36,4,3 Star,2021,Alabama,DEFENSE
37,1,3 Star,2021,Alabama,OFFENSE
38,9,4 Star,2021,Alabama,DEFENSE
39,8,4 Star,2021,Alabama,OFFENSE
40,1,4 Star,2021,Alabama,SPECIAL
41,3,5 Star,2021,Alabama,DEFENSE
42,4,5 Star,2021,Alabama,OFFENSE
43,1,3 Star,2022,Alabama,DEFENSE
44,2,3 Star,2022,Alabama,OFFENSE
45,7,4 Star,2022,Alabama,DEFENSE
46,12,4 Star,2022,Alabama,OFFENSE
47,4,4 Star,2022,Alabama,SPECIAL
48,3,5 Star,2022,Alabama,DEFENSE
49,1,5 Star,2022,Alabama,OFFENSE
50,1,2 Star,2019,App State,OFFENSE
51,2,2 Star,2019,App State,SPECIAL
52,10,3 Star,2019,App State,DEFENSE
53,6,3 Star,2019,App State,OFFENSE
54,1,3 Star,2019,App State,SPECIAL
55,3,2 Star,2020,App State,OFFENSE
56,8,3 Star,2020,App State,DEFENSE
57,7,3 Star,2020,App State,OFFENSE
58,3,3 Star,2020,App State,SPECIAL
59,1,4 Star,2020,App State,OFFENSE
60,1,2 Star,2021,App State,SPECIAL
61,12,3 Star,2021,App State,DEFENSE
62,12,3 Star,2021,App State,OFFENSE
63,2,3 Star,2021,App State,SPECIAL
64,1,2 Star,2022,App State,OFFENSE
65,11,3 Star,2022,App State,DEFENSE
66,5,3 Star,2022,App State,OFFENSE
67,3,3 Star,2022,App State,SPECIAL
68,10,3 Star,2019,Arizona,DEFENSE
69,7,3 Star,2019,Arizona,OFFENSE
70,2,3 Star,2019,Arizona,SPECIAL
71,1,4 Star,2019,Arizona,OFFENSE
72,3,2 Star,2020,Arizona,DEFENSE
73,1,2 Star,2020,Arizona,SPECIAL
74,10,3 Star,2020,Arizona,DEFENSE
75,12,3 Star,2020,Arizona,OFFENSE
76,2,3 Star,2020,Arizona,SPECIAL
77,2,2 Star,2021,Arizona,DEFENSE
78,2,2 Star,2021,Arizona,OFFENSE
79,19,3 Star,2021,Arizona,DEFENSE
80,11,3 Star,2021,Arizona,OFFENSE
81,2,3 Star,2021,Arizona,SPECIAL
82,13,3 Star,2022,Arizona,DEFENSE
83,13,3 Star,2022,Arizona,OFFENSE
84,2,3 Star,2022,Arizona,SPECIAL
85,2,4 Star,2022,Arizona,DEFENSE
86,4,4 Star,2022,Arizona,OFFENSE
87,3,2 Star,2019,Arizona St.,DEFENSE
88,1,2 Star,2019,Arizona St.,OFFENSE
89,7,3 Star,2019,Arizona St.,DEFENSE
90,13,3 Star,2019,Arizona St.,OFFENSE
91,1,3 Star,2019,Arizona St.,SPECIAL
92,3,4 Star,2019,Arizona St.,DEFENSE
93,2,4 Star,2019,Arizona St.,OFFENSE
94,1,2 Star,2020,Arizona St.,DEFENSE
95,8,3 Star,2020,Arizona St.,DEFENSE
96,8,3 Star,2020,Arizona St.,OFFENSE
97,2,3 Star,2020,Arizona St.,SPECIAL
98,2,4 Star,2020,Arizona St.,DEFENSE
99,5,4 Star,2020,Arizona St.,OFFENSE
100,1,4 Star,2020,Arizona St.,SPECIAL
101,1,2 Star,2021,Arizona St.,DEFENSE
102,9,3 Star,2021,Arizona St.,DEFENSE
103,8,3 Star,2021,Arizona St.,OFFENSE
104,1,3 Star,2021,Arizona St.,SPECIAL
105,1,4 Star,2021,Arizona St.,DEFENSE
106,2,4 Star,2021,Arizona St.,OFFENSE
107,1,4 Star,2021,Arizona St.,SPECIAL
108,6,3 Star,2022,Arizona St.,DEFENSE
109,10,3 Star,2022,Arizona St.,OFFENSE
110,2,3 Star,2022,Arizona St.,SPECIAL
111,2,4 Star,2022,Arizona St.,DEFENSE
112,1,4 Star,2022,Arizona St.,OFFENSE
113,1,2 Star,2019,Arkansas,DEFENSE
114,4,2 Star,2019,Arkansas,OFFENSE
115,1,2 Star,2019,Arkansas,SPECIAL
116,6,3 Star,2019,Arkansas,DEFENSE
117,12,3 Star,2019,Arkansas,OFFENSE
118,2,3 Star,2019,Arkansas,SPECIAL
119,5,4 Star,2019,Arkansas,DEFENSE
120,6,4 Star,2019,Arkansas,OFFENSE
121,1,2 Star,2020,Arkansas,SPECIAL
122,16,3 Star,2020,Arkansas,DEFENSE
123,6,3 Star,2020,Arkansas,OFFENSE
124,1,3 Star,2020,Arkansas,SPECIAL
125,1,4 Star,2020,Arkansas,DEFENSE
126,4,4 Star,2020,Arkansas,OFFENSE
127,11,3 Star,2021,Arkansas,DEFENSE
128,12,3 Star,2021,Arkansas,OFFENSE
129,2,3 Star,2021,Arkansas,SPECIAL
130,2,4 Star,2021,Arkansas,OFFENSE
131,2,4 Star,2021,Arkansas,SPECIAL
132,1,2 Star,2022,Arkansas,SPECIAL
133,8,3 Star,2022,Arkansas,DEFENSE
134,6,3 Star,2022,Arkansas,OFFENSE
135,2,3 Star,2022,Arkansas,SPECIAL
136,4,4 Star,2022,Arkansas,DEFENSE
137,6,4 Star,2022,Arkansas,OFFENSE
138,5,2 Star,2019,Arkansas St.,DEFENSE
139,5,2 Star,2019,Arkansas St.,OFFENSE
140,6,3 Star,2019,Arkansas St.,DEFENSE
141,11,3 Star,2019,Arkansas St.,OFFENSE
142,1,3 Star,2019,Arkansas St.,SPECIAL
143,1,2 Star,2020,Arkansas St.,DEFENSE
144,2,2 Star,2020,Arkansas St.,OFFENSE
145,11,3 Star,2020,Arkansas St.,DEFENSE
146,7,3 Star,2020,Arkansas St.,OFFENSE
147,2,3 Star,2020,Arkansas St.,SPECIAL
148,2,2 Star,2021,Arkansas St.,DEFENSE
149,10,3 Star,2021,Arkansas St.,DEFENSE
150,17,3 Star,2021,Arkansas St.,OFFENSE
151,1,3 Star,2021,Arkansas St.,SPECIAL
152,13,3 Star,2022,Arkansas St.,DEFENSE
153,11,3 Star,2022,Arkansas St.,OFFENSE
154,1,2 Star,2019,Auburn,OFFENSE
155,3,3 Star,2019,Auburn,DEFENSE
156,5,3 Star,2019,Auburn,OFFENSE
157,6,4 Star,2019,Auburn,DEFENSE
158,5,4 Star,2019,Auburn,OFFENSE
159,3,4 Star,2019,Auburn,SPECIAL
160,1,5 Star,2019,Auburn,DEFENSE
161,4,3 Star,2020,Auburn,DEFENSE
162,10,3 Star,2020,Auburn,OFFENSE
163,9,4 Star,2020,Auburn,DEFENSE
164,5,4 Star,2020,Auburn,OFFENSE
165,2,4 Star,2020,Auburn,SPECIAL
166,14,3 Star,2021,Auburn,DEFENSE
167,10,3 Star,2021,Auburn,OFFENSE
168,1,3 Star,2021,Auburn,SPECIAL
169,6,4 Star,2021,Auburn,DEFENSE
170,1,4 Star,2021,Auburn,OFFENSE
171,5,3 Star,2022,Auburn,DEFENSE
172,6,3 Star,2022,Auburn,OFFENSE
173,1,3 Star,2022,Auburn,SPECIAL
174,8,4 Star,2022,Auburn,DEFENSE
175,3,4 Star,2022,Auburn,OFFENSE
176,1,4 Star,2022,Auburn,SPECIAL
177,2,2 Star,2019,Ball St.,DEFENSE
178,5,2 Star,2019,Ball St.,OFFENSE
179,1,2 Star,2019,Ball St.,SPECIAL
180,8,3 Star,2019,Ball St.,DEFENSE
181,4,3 Star,2019,Ball St.,OFFENSE
182,3,2 Star,2020,Ball St.,DEFENSE
183,4,2 Star,2020,Ball St.,OFFENSE
184,2,2 Star,2020,Ball St.,SPECIAL
185,7,3 Star,2020,Ball St.,DEFENSE
186,6,3 Star,2020,Ball St.,OFFENSE
187,1,3 Star,2020,Ball St.,SPECIAL
188,2,2 Star,2021,Ball St.,DEFENSE
189,4,2 Star,2021,Ball St.,OFFENSE
190,7,3 Star,2021,Ball St.,DEFENSE
191,10,3 Star,2021,Ball St.,OFFENSE
192,5,2 Star,2022,Ball St.,DEFENSE
193,2,2 Star,2022,Ball St.,OFFENSE
194,5,3 Star,2022,Ball St.,DEFENSE
195,7,3 Star,2022,Ball St.,OFFENSE
196,1,3 Star,2022,Ball St.,SPECIAL
197,1,2 Star,2019,Baylor,SPECIAL
198,11,3 Star,2019,Baylor,DEFENSE
199,9,3 Star,2019,Baylor,OFFENSE
200,2,3 Star,2019,Baylor,SPECIAL
201,1,4 Star,2019,Baylor,OFFENSE
202,1,4 Star,2019,Baylor,SPECIAL
203,11,3 Star,2020,Baylor,DEFENSE
204,7,3 Star,2020,Baylor,OFFENSE
205,3,4 Star,2020,Baylor,DEFENSE
206,1,4 Star,2020,Baylor,OFFENSE
207,9,3 Star,2021,Baylor,DEFENSE
208,9,3 Star,2021,Baylor,OFFENSE
209,1,4 Star,2021,Baylor,DEFENSE
210,2,4 Star,2021,Baylor,OFFENSE
211,9,3 Star,2022,Baylor,DEFENSE
212,10,3 Star,2022,Baylor,OFFENSE
213,3,4 Star,2022,Baylor,DEFENSE
214,1,4 Star,2022,Baylor,OFFENSE
215,1,2 Star,2019,Boise St.,DEFENSE
216,1,2 Star,2019,Boise St.,SPECIAL
217,6,3 Star,2019,Boise St.,DEFENSE
218,7,3 Star,2019,Boise St.,OFFENSE
219,2,3 Star,2019,Boise St.,SPECIAL
220,1,4 Star,2019,Boise St.,OFFENSE
221,1,4 Star,2019,Boise St.,SPECIAL
222,2,2 Star,2020,Boise St.,OFFENSE
223,11,3 Star,2020,Boise St.,DEFENSE
224,8,3 Star,2020,Boise St.,OFFENSE
225,3,3 Star,2020,Boise St.,SPECIAL
226,2,2 Star,2021,Boise St.,DEFENSE
227,9,3 Star,2021,Boise St.,DEFENSE
228,10,3 Star,2021,Boise St.,OFFENSE
229,2,3 Star,2021,Boise St.,SPECIAL
230,9,3 Star,2022,Boise St.,DEFENSE
231,9,3 Star,2022,Boise St.,OFFENSE
232,3,3 Star,2022,Boise St.,SPECIAL
233,1,4 Star,2022,Boise St.,DEFENSE
234,1,4 Star,2022,Boise St.,OFFENSE
235,1,2 Star,2019,Boston College,OFFENSE
236,10,3 Star,2019,Boston College,DEFENSE
237,11,3 Star,2019,Boston College,OFFENSE
238,1,4 Star,2019,Boston College,DEFENSE
239,1,2 Star,2020,Boston College,OFFENSE
240,7,3 Star,2020,Boston College,DEFENSE
241,9,3 Star,2020,Boston College,OFFENSE
242,1,3 Star,2020,Boston College,SPECIAL
243,1,4 Star,2020,Boston College,DEFENSE
244,2,4 Star,2020,Boston College,OFFENSE
245,1,2 Star,2021,Boston College,OFFENSE
246,16,3 Star,2021,Boston College,DEFENSE
247,9,3 Star,2021,Boston College,OFFENSE
248,4,3 Star,2021,Boston College,SPECIAL
249,1,4 Star,2021,Boston College,DEFENSE
250,1,4 Star,2021,Boston College,OFFENSE
251,10,3 Star,2022,Boston College,DEFENSE
252,11,3 Star,2022,Boston College,OFFENSE
253,2,3 Star,2022,Boston College,SPECIAL
254,1,4 Star,2022,Boston College,DEFENSE
255,1,4 Star,2022,Boston College,OFFENSE
256,5,2 Star,2019,Bowling Green,DEFENSE
257,7,2 Star,2019,Bowling Green,OFFENSE
258,1,2 Star,2019,Bowling Green,SPECIAL
259,5,3 Star,2019,Bowling Green,DEFENSE
260,6,3 Star,2019,Bowling Green,OFFENSE
261,5,2 Star,2020,Bowling Green,DEFENSE
262,6,2 Star,2020,Bowling Green,OFFENSE
263,1,2 Star,2020,Bowling Green,SPECIAL
264,7,3 Star,2020,Bowling Green,DEFENSE
265,12,3 Star,2020,Bowling Green,OFFENSE
266,1,3 Star,2020,Bowling Green,SPECIAL
267,4,2 Star,2021,Bowling Green,OFFENSE
268,11,3 Star,2021,Bowling Green,DEFENSE
269,8,3 Star,2021,Bowling Green,OFFENSE
270,1,3 Star,2021,Bowling Green,SPECIAL
271,1,2 Star,2022,Bowling Green,DEFENSE
272,7,3 Star,2022,Bowling Green,DEFENSE
273,6,3 Star,2022,Bowling Green,OFFENSE
274,2,2 Star,2019,BYU,DEFENSE
275,3,2 Star,2019,BYU,OFFENSE
276,7,3 Star,2019,BYU,DEFENSE
277,11,3 Star,2019,BYU,OFFENSE
278,1,3 Star,2019,BYU,SPECIAL
279,1,4 Star,2019,BYU,OFFENSE
280,2,2 Star,2020,BYU,DEFENSE
281,1,2 Star,2020,BYU,SPECIAL
282,15,3 Star,2020,BYU,DEFENSE
283,12,3 Star,2020,BYU,OFFENSE
284,4,3 Star,2020,BYU,SPECIAL
285,7,3 Star,2021,BYU,DEFENSE
286,8,3 Star,2021,BYU,OFFENSE
287,5,3 Star,2021,BYU,SPECIAL
288,1,4 Star,2021,BYU,OFFENSE
289,8,3 Star,2022,BYU,DEFENSE
290,12,3 Star,2022,BYU,OFFENSE
291,6,3 Star,2022,BYU,SPECIAL
292,1,4 Star,2022,BYU,DEFENSE
293,2,4 Star,2022,BYU,OFFENSE
294,7,2 Star,2019,Buffalo,DEFENSE
295,7,2 Star,2019,Buffalo,OFFENSE
296,2,2 Star,2019,Buffalo,SPECIAL
297,5,3 Star,2019,Buffalo,DEFENSE
298,4,3 Star,2019,Buffalo,OFFENSE
299,3,2 Star,2020,Buffalo,DEFENSE
300,6,2 Star,2020,Buffalo,OFFENSE
301,7,3 Star,2020,Buffalo,DEFENSE
302,4,3 Star,2020,Buffalo,OFFENSE
303,4,2 Star,2021,Buffalo,OFFENSE
304,7,3 Star,2021,Buffalo,DEFENSE
305,8,3 Star,2021,Buffalo,OFFENSE
306,2,3 Star,2021,Buffalo,SPECIAL
307,1,2 Star,2022,Buffalo,OFFENSE
308,14,3 Star,2022,Buffalo,DEFENSE
309,10,3 Star,2022,Buffalo,OFFENSE
310,1,3 Star,2022,Buffalo,SPECIAL
311,1,4 Star,2022,Buffalo,OFFENSE
312,2,2 Star,2019,California,DEFENSE
313,2,2 Star,2019,California,OFFENSE
314,14,3 Star,2019,California,DEFENSE
315,9,3 Star,2019,California,OFFENSE
316,2,3 Star,2019,California,SPECIAL
317,1,4 Star,2019,California,DEFENSE
318,1,4 Star,2019,California,OFFENSE
319,9,3 Star,2020,California,DEFENSE
320,11,3 Star,2020,California,OFFENSE
321,6,3 Star,2020,California,SPECIAL
322,1,4 Star,2020,California,OFFENSE
323,14,3 Star,2021,California,DEFENSE
324,5,3 Star,2021,California,OFFENSE
325,1,4 Star,2021,California,DEFENSE
326,4,4 Star,2021,California,OFFENSE
327,1,2 Star,2022,California,OFFENSE
328,5,3 Star,2022,California,DEFENSE
329,8,3 Star,2022,California,OFFENSE
330,2,4 Star,2022,California,DEFENSE
331,1,4 Star,2022,California,OFFENSE
332,9,2 Star,2019,Central Mich.,DEFENSE
333,3,2 Star,2019,Central Mich.,OFFENSE
334,1,2 Star,2019,Central Mich.,SPECIAL
335,4,3 Star,2019,Central Mich.,DEFENSE
336,10,3 Star,2019,Central Mich.,OFFENSE
337,1,3 Star,2019,Central Mich.,SPECIAL
338,1,4 Star,2019,Central Mich.,OFFENSE
339,4,2 Star,2020,Central Mich.,DEFENSE
340,4,2 Star,2020,Central Mich.,OFFENSE
341,5,3 Star,2020,Central Mich.,DEFENSE
342,11,3 Star,2020,Central Mich.,OFFENSE
343,2,3 Star,2020,Central Mich.,SPECIAL
344,3,2 Star,2021,Central Mich.,DEFENSE
345,2,2 Star,2021,Central Mich.,OFFENSE
346,12,3 Star,2021,Central Mich.,DEFENSE
347,8,3 Star,2021,Central Mich.,OFFENSE
348,2,3 Star,2021,Central Mich.,SPECIAL
349,2,2 Star,2022,Central Mich.,OFFENSE
350,3,3 Star,2022,Central Mich.,DEFENSE
351,10,3 Star,2022,Central Mich.,OFFENSE
352,1,3 Star,2022,Central Mich.,SPECIAL
353,7,2 Star,2019,Charlotte,DEFENSE
354,4,2 Star,2019,Charlotte,OFFENSE
355,1,2 Star,2019,Charlotte,SPECIAL
356,4,3 Star,2019,Charlotte,DEFENSE
357,5,3 Star,2019,Charlotte,OFFENSE
358,1,4 Star,2019,Charlotte,DEFENSE
359,2,2 Star,2020,Charlotte,DEFENSE
360,4,2 Star,2020,Charlotte,OFFENSE
361,12,3 Star,2020,Charlotte,DEFENSE
362,11,3 Star,2020,Charlotte,OFFENSE
363,1,4 Star,2020,Charlotte,OFFENSE
364,3,2 Star,2021,Charlotte,DEFENSE
365,2,2 Star,2021,Charlotte,OFFENSE
366,12,3 Star,2021,Charlotte,DEFENSE
367,11,3 Star,2021,Charlotte,OFFENSE
368,1,3 Star,2021,Charlotte,SPECIAL
369,1,4 Star,2021,Charlotte,OFFENSE
370,1,2 Star,2022,Charlotte,SPECIAL
371,6,3 Star,2022,Charlotte,DEFENSE
372,5,3 Star,2022,Charlotte,OFFENSE
373,1,3 Star,2022,Charlotte,SPECIAL
374,1,2 Star,2019,Cincinnati,OFFENSE
375,11,3 Star,2019,Cincinnati,DEFENSE
376,6,3 Star,2019,Cincinnati,OFFENSE
377,1,3 Star,2019,Cincinnati,SPECIAL
378,2,4 Star,2019,Cincinnati,OFFENSE
379,9,3 Star,2020,Cincinnati,DEFENSE
380,10,3 Star,2020,Cincinnati,OFFENSE
381,4,3 Star,2020,Cincinnati,SPECIAL
382,1,4 Star,2020,Cincinnati,DEFENSE
383,2,4 Star,2020,Cincinnati,OFFENSE
384,1,2 Star,2021,Cincinnati,OFFENSE
385,15,3 Star,2021,Cincinnati,DEFENSE
386,7,3 Star,2021,Cincinnati,OFFENSE
387,4,3 Star,2021,Cincinnati,SPECIAL
388,1,2 Star,2022,Cincinnati,OFFENSE
389,10,3 Star,2022,Cincinnati,DEFENSE
390,10,3 Star,2022,Cincinnati,OFFENSE
391,2,4 Star,2022,Cincinnati,DEFENSE
392,1,4 Star,2022,Cincinnati,OFFENSE
393,1,2 Star,2019,Clemson,DEFENSE
394,2,2 Star,2019,Clemson,OFFENSE
395,9,3 Star,2019,Clemson,DEFENSE
396,5,3 Star,2019,Clemson,OFFENSE
397,1,3 Star,2019,Clemson,SPECIAL
398,6,4 Star,2019,Clemson,DEFENSE
399,6,4 Star,2019,Clemson,OFFENSE
400,1,5 Star,2019,Clemson,DEFENSE
401,1,3 Star,2020,Clemson,DEFENSE
402,6,3 Star,2020,Clemson,OFFENSE
403,7,4 Star,2020,Clemson,DEFENSE
404,5,4 Star,2020,Clemson,OFFENSE
405,3,5 Star,2020,Clemson,DEFENSE
406,2,5 Star,2020,Clemson,OFFENSE
407,1,3 Star,2021,Clemson,OFFENSE
408,1,3 Star,2021,Clemson,SPECIAL
409,6,4 Star,2021,Clemson,DEFENSE
410,8,4 Star,2021,Clemson,OFFENSE
411,1,5 Star,2021,Clemson,DEFENSE
412,2,5 Star,2021,Clemson,OFFENSE
413,5,3 Star,2022,Clemson,DEFENSE
414,4,3 Star,2022,Clemson,OFFENSE
415,2,3 Star,2022,Clemson,SPECIAL
416,4,4 Star,2022,Clemson,DEFENSE
417,4,4 Star,2022,Clemson,OFFENSE
418,1,5 Star,2022,Clemson,DEFENSE
419,1,5 Star,2022,Clemson,OFFENSE
420,5,2 Star,2019,Coastal Carolina,DEFENSE
421,13,2 Star,2019,Coastal Carolina,OFFENSE
422,1,2 Star,2019,Coastal Carolina,SPECIAL
423,1,3 Star,2019,Coastal Carolina,DEFENSE
424,8,3 Star,2019,Coastal Carolina,OFFENSE
425,1,3 Star,2019,Coastal Carolina,SPECIAL
426,1,2 Star,2020,Coastal Carolina,DEFENSE
427,1,2 Star,2020,Coastal Carolina,OFFENSE
428,18,3 Star,2020,Coastal Carolina,DEFENSE
429,7,3 Star,2020,Coastal Carolina,OFFENSE
430,1,3 Star,2020,Coastal Carolina,SPECIAL
431,3,2 Star,2021,Coastal Carolina,OFFENSE
432,8,3 Star,2021,Coastal Carolina,DEFENSE
433,9,3 Star,2021,Coastal Carolina,OFFENSE
434,2,3 Star,2021,Coastal Carolina,SPECIAL
435,1,2 Star,2022,Coastal Carolina,DEFENSE
436,1,2 Star,2022,Coastal Carolina,OFFENSE
437,1,2 Star,2022,Coastal Carolina,SPECIAL
438,7,3 Star,2022,Coastal Carolina,DEFENSE
439,9,3 Star,2022,Coastal Carolina,OFFENSE
440,3,3 Star,2022,Coastal Carolina,SPECIAL
441,1,2 Star,2019,Colorado,DEFENSE
442,1,2 Star,2019,Colorado,OFFENSE
443,15,3 Star,2019,Colorado,DEFENSE
444,12,3 Star,2019,Colorado,OFFENSE
445,3,3 Star,2019,Colorado,SPECIAL
446,1,4 Star,2019,Colorado,DEFENSE
447,1,2 Star,2020,Colorado,OFFENSE
448,12,3 Star,2020,Colorado,DEFENSE
449,11,3 Star,2020,Colorado,OFFENSE
450,2,3 Star,2020,Colorado,SPECIAL
451,2,4 Star,2020,Colorado,DEFENSE
452,1,4 Star,2020,Colorado,OFFENSE
453,1,2 Star,2021,Colorado,SPECIAL
454,10,3 Star,2021,Colorado,DEFENSE
455,9,3 Star,2021,Colorado,OFFENSE
456,4,3 Star,2021,Colorado,SPECIAL
457,1,4 Star,2021,Colorado,OFFENSE
458,13,3 Star,2022,Colorado,DEFENSE
459,13,3 Star,2022,Colorado,OFFENSE
460,2,3 Star,2022,Colorado,SPECIAL
461,1,4 Star,2022,Colorado,OFFENSE
462,2,2 Star,2019,Colorado St.,DEFENSE
463,2,2 Star,2019,Colorado St.,OFFENSE
464,9,3 Star,2019,Colorado St.,DEFENSE
465,8,3 Star,2019,Colorado St.,OFFENSE
466,1,3 Star,2019,Colorado St.,SPECIAL
467,1,4 Star,2019,Colorado St.,OFFENSE
468,1,2 Star,2020,Colorado St.,DEFENSE
469,1,2 Star,2020,Colorado St.,SPECIAL
470,9,3 Star,2020,Colorado St.,DEFENSE
471,11,3 Star,2020,Colorado St.,OFFENSE
472,2,3 Star,2020,Colorado St.,SPECIAL
473,2,2 Star,2021,Colorado St.,DEFENSE
474,1,2 Star,2021,Colorado St.,OFFENSE
475,1,2 Star,2021,Colorado St.,SPECIAL
476,10,3 Star,2021,Colorado St.,DEFENSE
477,12,3 Star,2021,Colorado St.,OFFENSE
478,2,3 Star,2021,Colorado St.,SPECIAL
479,7,3 Star,2022,Colorado St.,DEFENSE
480,14,3 Star,2022,Colorado St.,OFFENSE
481,3,3 Star,2022,Colorado St.,SPECIAL
482,2,2 Star,2019,UConn,DEFENSE
483,2,2 Star,2019,UConn,OFFENSE
484,7,3 Star,2019,UConn,DEFENSE
485,7,3 Star,2019,UConn,OFFENSE
486,1,3 Star,2019,UConn,SPECIAL
487,1,2 Star,2020,UConn,DEFENSE
488,6,2 Star,2020,UConn,OFFENSE
489,9,3 Star,2020,UConn,DEFENSE
490,8,3 Star,2020,UConn,OFFENSE
491,2,3 Star,2020,UConn,SPECIAL
492,1,2 Star,2021,UConn,DEFENSE
493,6,3 Star,2021,UConn,DEFENSE
494,8,3 Star,2021,UConn,OFFENSE
495,2,3 Star,2021,UConn,SPECIAL
496,1,2 Star,2022,UConn,DEFENSE
497,1,2 Star,2022,UConn,OFFENSE
498,6,3 Star,2022,UConn,DEFENSE
499,6,3 Star,2022,UConn,OFFENSE
500,1,3 Star,2022,UConn,SPECIAL
501,8,3 Star,2019,Duke,DEFENSE
502,10,3 Star,2019,Duke,OFFENSE
503,2,3 Star,2019,Duke,SPECIAL
504,1,4 Star,2019,Duke,DEFENSE
505,2,2 Star,2020,Duke,DEFENSE
506,7,3 Star,2020,Duke,DEFENSE
507,11,3 Star,2020,Duke,OFFENSE
508,2,3 Star,2020,Duke,SPECIAL
509,12,3 Star,2021,Duke,DEFENSE
510,9,3 Star,2021,Duke,OFFENSE
511,1,3 Star,2021,Duke,SPECIAL
512,1,2 Star,2022,Duke,OFFENSE
513,5,3 Star,2022,Duke,DEFENSE
514,12,3 Star,2022,Duke,OFFENSE
515,3,3 Star,2022,Duke,SPECIAL
516,1,4 Star,2022,Duke,DEFENSE
517,1,2 Star,2019,East Carolina,DEFENSE
518,2,2 Star,2019,East Carolina,OFFENSE
519,2,2 Star,2019,East Carolina,SPECIAL
520,10,3 Star,2019,East Carolina,DEFENSE
521,6,3 Star,2019,East Carolina,OFFENSE
522,2,3 Star,2019,East Carolina,SPECIAL
523,1,4 Star,2019,East Carolina,OFFENSE
524,3,2 Star,2020,East Carolina,DEFENSE
525,2,2 Star,2020,East Carolina,SPECIAL
526,15,3 Star,2020,East Carolina,DEFENSE
527,14,3 Star,2020,East Carolina,OFFENSE
528,1,3 Star,2020,East Carolina,SPECIAL
529,1,4 Star,2020,East Carolina,DEFENSE
530,1,4 Star,2020,East Carolina,OFFENSE
531,1,2 Star,2021,East Carolina,OFFENSE
532,10,3 Star,2021,East Carolina,DEFENSE
533,10,3 Star,2021,East Carolina,OFFENSE
534,2,3 Star,2021,East Carolina,SPECIAL
535,1,4 Star,2021,East Carolina,DEFENSE
536,1,4 Star,2021,East Carolina,OFFENSE
537,1,2 Star,2022,East Carolina,OFFENSE
538,2,2 Star,2022,East Carolina,SPECIAL
539,10,3 Star,2022,East Carolina,DEFENSE
540,10,3 Star,2022,East Carolina,OFFENSE
541,13,2 Star,2019,Eastern Mich.,DEFENSE
542,5,2 Star,2019,Eastern Mich.,OFFENSE
543,3,2 Star,2019,Eastern Mich.,SPECIAL
544,3,3 Star,2019,Eastern Mich.,DEFENSE
545,7,3 Star,2019,Eastern Mich.,OFFENSE
546,2,2 Star,2020,Eastern Mich.,DEFENSE
547,3,2 Star,2020,Eastern Mich.,OFFENSE
548,2,2 Star,2020,Eastern Mich.,SPECIAL
549,7,3 Star,2020,Eastern Mich.,DEFENSE
550,15,3 Star,2020,Eastern Mich.,OFFENSE
551,1,2 Star,2021,Eastern Mich.,OFFENSE
552,3,2 Star,2021,Eastern Mich.,SPECIAL
553,7,3 Star,2021,Eastern Mich.,DEFENSE
554,10,3 Star,2021,Eastern Mich.,OFFENSE
555,1,3 Star,2021,Eastern Mich.,SPECIAL
556,2,2 Star,2022,Eastern Mich.,OFFENSE
557,4,3 Star,2022,Eastern Mich.,DEFENSE
558,5,3 Star,2022,Eastern Mich.,OFFENSE
559,1,2 Star,2019,FIU,OFFENSE
560,1,2 Star,2019,FIU,SPECIAL
561,12,3 Star,2019,FIU,DEFENSE
562,13,3 Star,2019,FIU,OFFENSE
563,1,4 Star,2019,FIU,OFFENSE
564,2,2 Star,2020,FIU,OFFENSE
565,9,3 Star,2020,FIU,DEFENSE
566,11,3 Star,2020,FIU,OFFENSE
567,2,3 Star,2020,FIU,SPECIAL
568,2,4 Star,2020,FIU,DEFENSE
569,2,2 Star,2021,FIU,DEFENSE
570,10,3 Star,2021,FIU,DEFENSE
571,8,3 Star,2021,FIU,OFFENSE
572,1,3 Star,2021,FIU,SPECIAL
573,1,2 Star,2022,FIU,DEFENSE
574,1,2 Star,2022,FIU,OFFENSE
575,1,2 Star,2022,FIU,SPECIAL
576,10,3 Star,2022,FIU,DEFENSE
577,9,3 Star,2022,FIU,OFFENSE
578,1,2 Star,2019,Florida,DEFENSE
579,2,3 Star,2019,Florida,DEFENSE
580,6,3 Star,2019,Florida,OFFENSE
581,10,4 Star,2019,Florida,DEFENSE
582,7,4 Star,2019,Florida,OFFENSE
583,2,2 Star,2020,Florida,DEFENSE
584,2,2 Star,2020,Florida,SPECIAL
585,2,3 Star,2020,Florida,DEFENSE
586,6,3 Star,2020,Florida,OFFENSE
587,13,4 Star,2020,Florida,DEFENSE
588,6,4 Star,2020,Florida,OFFENSE
589,1,5 Star,2020,Florida,DEFENSE
590,8,3 Star,2021,Florida,DEFENSE
591,6,3 Star,2021,Florida,OFFENSE
592,7,4 Star,2021,Florida,DEFENSE
593,6,4 Star,2021,Florida,OFFENSE
594,1,5 Star,2021,Florida,DEFENSE
595,4,3 Star,2022,Florida,DEFENSE
596,8,3 Star,2022,Florida,OFFENSE
597,2,3 Star,2022,Florida,SPECIAL
598,6,4 Star,2022,Florida,DEFENSE
599,4,4 Star,2022,Florida,OFFENSE
600,1,2 Star,2019,Fla. Atlantic,DEFENSE
601,3,2 Star,2019,Fla. Atlantic,OFFENSE
602,2,2 Star,2019,Fla. Atlantic,SPECIAL
603,15,3 Star,2019,Fla. Atlantic,DEFENSE
604,11,3 Star,2019,Fla. Atlantic,OFFENSE
605,5,3 Star,2019,Fla. Atlantic,SPECIAL
606,1,4 Star,2019,Fla. Atlantic,OFFENSE
607,1,2 Star,2020,Fla. Atlantic,DEFENSE
608,1,2 Star,2020,Fla. Atlantic,OFFENSE
609,9,3 Star,2020,Fla. Atlantic,DEFENSE
610,15,3 Star,2020,Fla. Atlantic,OFFENSE
611,2,3 Star,2020,Fla. Atlantic,SPECIAL
612,2,4 Star,2020,Fla. Atlantic,OFFENSE
613,9,3 Star,2021,Fla. Atlantic,DEFENSE
614,16,3 Star,2021,Fla. Atlantic,OFFENSE
615,1,4 Star,2021,Fla. Atlantic,DEFENSE
616,6,3 Star,2022,Fla. Atlantic,DEFENSE
617,6,3 Star,2022,Fla. Atlantic,OFFENSE
618,1,3 Star,2022,Fla. Atlantic,SPECIAL
619,1,2 Star,2019,Florida St.,SPECIAL
620,6,3 Star,2019,Florida St.,DEFENSE
621,9,3 Star,2019,Florida St.,OFFENSE
622,1,3 Star,2019,Florida St.,SPECIAL
623,8,4 Star,2019,Florida St.,DEFENSE
624,1,4 Star,2019,Florida St.,OFFENSE
625,1,2 Star,2020,Florida St.,DEFENSE
626,1,2 Star,2020,Florida St.,SPECIAL
627,9,3 Star,2020,Florida St.,DEFENSE
628,11,3 Star,2020,Florida St.,OFFENSE
629,4,3 Star,2020,Florida St.,SPECIAL
630,5,4 Star,2020,Florida St.,DEFENSE
631,4,4 Star,2020,Florida St.,OFFENSE
632,13,3 Star,2021,Florida St.,DEFENSE
633,7,3 Star,2021,Florida St.,OFFENSE
634,4,4 Star,2021,Florida St.,DEFENSE
635,3,4 Star,2021,Florida St.,OFFENSE
636,1,4 Star,2021,Florida St.,SPECIAL
637,6,3 Star,2022,Florida St.,DEFENSE
638,10,3 Star,2022,Florida St.,OFFENSE
639,2,3 Star,2022,Florida St.,SPECIAL
640,4,4 Star,2022,Florida St.,DEFENSE
641,5,4 Star,2022,Florida St.,OFFENSE
642,1,4 Star,2022,Florida St.,SPECIAL
643,2,2 Star,2019,Fresno St.,DEFENSE
644,5,2 Star,2019,Fresno St.,OFFENSE
645,9,3 Star,2019,Fresno St.,DEFENSE
646,13,3 Star,2019,Fresno St.,OFFENSE
647,2,3 Star,2019,Fresno St.,SPECIAL
648,1,2 Star,2020,Fresno St.,OFFENSE
649,1,2 Star,2020,Fresno St.,SPECIAL
650,8,3 Star,2020,Fresno St.,DEFENSE
651,10,3 Star,2020,Fresno St.,OFFENSE
652,1,3 Star,2020,Fresno St.,SPECIAL
653,9,3 Star,2021,Fresno St.,DEFENSE
654,7,3 Star,2021,Fresno St.,OFFENSE
655,5,3 Star,2021,Fresno St.,SPECIAL
656,3,2 Star,2022,Fresno St.,DEFENSE
657,12,3 Star,2022,Fresno St.,DEFENSE
658,12,3 Star,2022,Fresno St.,OFFENSE
659,2,2 Star,2019,Georgia,OFFENSE
660,2,3 Star,2019,Georgia,DEFENSE
661,3,3 Star,2019,Georgia,OFFENSE
662,8,4 Star,2019,Georgia,DEFENSE
663,6,4 Star,2019,Georgia,OFFENSE
664,1,4 Star,2019,Georgia,SPECIAL
665,3,5 Star,2019,Georgia,DEFENSE
666,2,5 Star,2019,Georgia,OFFENSE
667,2,3 Star,2020,Georgia,DEFENSE
668,4,3 Star,2020,Georgia,OFFENSE
669,1,3 Star,2020,Georgia,SPECIAL
670,5,4 Star,2020,Georgia,DEFENSE
671,13,4 Star,2020,Georgia,OFFENSE
672,2,5 Star,2020,Georgia,DEFENSE
673,1,5 Star,2020,Georgia,OFFENSE
674,1,5 Star,2020,Georgia,SPECIAL
675,2,3 Star,2021,Georgia,DEFENSE
676,3,3 Star,2021,Georgia,OFFENSE
677,8,4 Star,2021,Georgia,DEFENSE
678,5,4 Star,2021,Georgia,OFFENSE
679,1,4 Star,2021,Georgia,SPECIAL
680,2,5 Star,2021,Georgia,DEFENSE
681,2,5 Star,2021,Georgia,OFFENSE
682,2,3 Star,2022,Georgia,DEFENSE
683,6,3 Star,2022,Georgia,OFFENSE
684,1,3 Star,2022,Georgia,SPECIAL
685,8,4 Star,2022,Georgia,DEFENSE
686,7,4 Star,2022,Georgia,OFFENSE
687,4,5 Star,2022,Georgia,DEFENSE
688,1,5 Star,2022,Georgia,SPECIAL
689,4,2 Star,2019,Ga. Southern,DEFENSE
690,9,2 Star,2019,Ga. Southern,OFFENSE
691,2,2 Star,2019,Ga. Southern,SPECIAL
692,3,3 Star,2019,Ga. Southern,DEFENSE
693,6,3 Star,2019,Ga. Southern,OFFENSE
694,1,3 Star,2019,Ga. Southern,SPECIAL
695,2,2 Star,2020,Ga. Southern,DEFENSE
696,2,2 Star,2020,Ga. Southern,OFFENSE
697,1,2 Star,2020,Ga. Southern,SPECIAL
698,10,3 Star,2020,Ga. Southern,DEFENSE
699,5,3 Star,2020,Ga. Southern,OFFENSE
700,3,3 Star,2020,Ga. Southern,SPECIAL
701,2,2 Star,2021,Ga. Southern,DEFENSE
702,2,2 Star,2021,Ga. Southern,SPECIAL
703,11,3 Star,2021,Ga. Southern,DEFENSE
704,8,3 Star,2021,Ga. Southern,OFFENSE
705,2,3 Star,2021,Ga. Southern,SPECIAL
706,1,2 Star,2022,Ga. Southern,OFFENSE
707,7,3 Star,2022,Ga. Southern,DEFENSE
708,5,3 Star,2022,Ga. Southern,OFFENSE
709,1,3 Star,2022,Ga. Southern,SPECIAL
710,1,4 Star,2022,Ga. Southern,OFFENSE
711,7,2 Star,2019,Georgia St.,DEFENSE
712,1,2 Star,2019,Georgia St.,OFFENSE
713,2,2 Star,2019,Georgia St.,SPECIAL
714,7,3 Star,2019,Georgia St.,DEFENSE
715,9,3 Star,2019,Georgia St.,OFFENSE
716,1,3 Star,2019,Georgia St.,SPECIAL
717,5,3 Star,2020,Georgia St.,DEFENSE
718,12,3 Star,2020,Georgia St.,OFFENSE
719,2,3 Star,2020,Georgia St.,SPECIAL
720,1,2 Star,2021,Georgia St.,SPECIAL
721,11,3 Star,2021,Georgia St.,DEFENSE
722,5,3 Star,2021,Georgia St.,OFFENSE
723,1,2 Star,2022,Georgia St.,DEFENSE
724,3,2 Star,2022,Georgia St.,OFFENSE
725,7,3 Star,2022,Georgia St.,DEFENSE
726,3,3 Star,2022,Georgia St.,OFFENSE
727,1,3 Star,2022,Georgia St.,SPECIAL
728,10,3 Star,2019,Georgia Tech,DEFENSE
729,11,3 Star,2019,Georgia Tech,OFFENSE
730,1,3 Star,2019,Georgia Tech,SPECIAL
731,2,4 Star,2019,Georgia Tech,DEFENSE
732,2,4 Star,2019,Georgia Tech,OFFENSE
733,9,3 Star,2020,Georgia Tech,DEFENSE
734,13,3 Star,2020,Georgia Tech,OFFENSE
735,2,4 Star,2020,Georgia Tech,DEFENSE
736,3,4 Star,2020,Georgia Tech,OFFENSE
737,12,3 Star,2021,Georgia Tech,DEFENSE
738,8,3 Star,2021,Georgia Tech,OFFENSE
739,3,3 Star,2021,Georgia Tech,SPECIAL
740,2,4 Star,2021,Georgia Tech,OFFENSE
741,7,3 Star,2022,Georgia Tech,DEFENSE
742,13,3 Star,2022,Georgia Tech,OFFENSE
743,1,3 Star,2022,Georgia Tech,SPECIAL
744,2,4 Star,2022,Georgia Tech,DEFENSE
745,2,4 Star,2022,Georgia Tech,OFFENSE
746,8,2 Star,2019,Hawaii,DEFENSE
747,5,2 Star,2019,Hawaii,OFFENSE
748,7,3 Star,2019,Hawaii,DEFENSE
749,4,3 Star,2019,Hawaii,OFFENSE
750,2,3 Star,2019,Hawaii,SPECIAL
751,1,4 Star,2019,Hawaii,OFFENSE
752,4,2 Star,2020,Hawaii,DEFENSE
753,2,2 Star,2020,Hawaii,OFFENSE
754,1,2 Star,2020,Hawaii,SPECIAL
755,5,3 Star,2020,Hawaii,DEFENSE
756,10,3 Star,2020,Hawaii,OFFENSE
757,1,3 Star,2020,Hawaii,SPECIAL
758,2,2 Star,2021,Hawaii,DEFENSE
759,9,3 Star,2021,Hawaii,DEFENSE
760,3,3 Star,2021,Hawaii,OFFENSE
761,1,3 Star,2021,Hawaii,SPECIAL
762,1,2 Star,2022,Hawaii,OFFENSE
763,9,3 Star,2022,Hawaii,DEFENSE
764,5,3 Star,2022,Hawaii,OFFENSE
765,2,4 Star,2022,Hawaii,DEFENSE
766,1,4 Star,2022,Hawaii,OFFENSE
767,1,2 Star,2019,Houston,DEFENSE
768,1,2 Star,2019,Houston,SPECIAL
769,15,3 Star,2019,Houston,DEFENSE
770,10,3 Star,2019,Houston,OFFENSE
771,2,4 Star,2019,Houston,DEFENSE
772,1,4 Star,2019,Houston,OFFENSE
773,1,5 Star,2019,Houston,DEFENSE
774,1,2 Star,2020,Houston,OFFENSE
775,9,3 Star,2020,Houston,DEFENSE
776,11,3 Star,2020,Houston,OFFENSE
777,3,3 Star,2020,Houston,SPECIAL
778,1,4 Star,2020,Houston,OFFENSE
779,11,3 Star,2021,Houston,DEFENSE
780,9,3 Star,2021,Houston,OFFENSE
781,1,2 Star,2022,Houston,OFFENSE
782,7,3 Star,2022,Houston,DEFENSE
783,13,3 Star,2022,Houston,OFFENSE
784,1,3 Star,2022,Houston,SPECIAL
785,1,4 Star,2022,Houston,DEFENSE
786,2,4 Star,2022,Houston,OFFENSE
787,6,3 Star,2019,Illinois,DEFENSE
788,9,3 Star,2019,Illinois,OFFENSE
789,1,4 Star,2019,Illinois,DEFENSE
790,4,4 Star,2019,Illinois,OFFENSE
791,2,4 Star,2019,Illinois,SPECIAL
792,1,2 Star,2020,Illinois,DEFENSE
793,1,2 Star,2020,Illinois,OFFENSE
794,6,3 Star,2020,Illinois,DEFENSE
795,11,3 Star,2020,Illinois,OFFENSE
796,2,3 Star,2020,Illinois,SPECIAL
797,12,3 Star,2021,Illinois,DEFENSE
798,10,3 Star,2021,Illinois,OFFENSE
799,1,4 Star,2021,Illinois,DEFENSE
800,10,3 Star,2022,Illinois,DEFENSE
801,17,3 Star,2022,Illinois,OFFENSE
802,2,3 Star,2022,Illinois,SPECIAL
803,2,2 Star,2019,Indiana,OFFENSE
804,1,2 Star,2019,Indiana,SPECIAL
805,9,3 Star,2019,Indiana,DEFENSE
806,9,3 Star,2019,Indiana,OFFENSE
807,1,3 Star,2019,Indiana,SPECIAL
808,2,4 Star,2019,Indiana,DEFENSE
809,2,4 Star,2019,Indiana,OFFENSE
810,2,2 Star,2020,Indiana,OFFENSE
811,1,2 Star,2020,Indiana,SPECIAL
812,8,3 Star,2020,Indiana,DEFENSE
813,12,3 Star,2020,Indiana,OFFENSE
814,1,3 Star,2020,Indiana,SPECIAL
815,1,4 Star,2020,Indiana,OFFENSE
816,1,2 Star,2021,Indiana,DEFENSE
817,1,2 Star,2021,Indiana,SPECIAL
818,5,3 Star,2021,Indiana,DEFENSE
819,11,3 Star,2021,Indiana,OFFENSE
820,2,3 Star,2021,Indiana,SPECIAL
821,1,4 Star,2021,Indiana,DEFENSE
822,2,4 Star,2021,Indiana,OFFENSE
823,14,3 Star,2022,Indiana,DEFENSE
824,11,3 Star,2022,Indiana,OFFENSE
825,1,3 Star,2022,Indiana,SPECIAL
826,3,4 Star,2022,Indiana,DEFENSE
827,3,4 Star,2022,Indiana,OFFENSE
828,1,4 Star,2022,Indiana,SPECIAL
829,2,2 Star,2019,Iowa,OFFENSE
830,10,3 Star,2019,Iowa,DEFENSE
831,9,3 Star,2019,Iowa,OFFENSE
832,3,3 Star,2019,Iowa,SPECIAL
833,1,4 Star,2019,Iowa,DEFENSE
834,3,4 Star,2019,Iowa,OFFENSE
835,1,2 Star,2020,Iowa,DEFENSE
836,1,2 Star,2020,Iowa,OFFENSE
837,10,3 Star,2020,Iowa,DEFENSE
838,10,3 Star,2020,Iowa,OFFENSE
839,1,3 Star,2020,Iowa,SPECIAL
840,1,4 Star,2020,Iowa,DEFENSE
841,1,4 Star,2020,Iowa,OFFENSE
842,6,3 Star,2021,Iowa,DEFENSE
843,4,3 Star,2021,Iowa,OFFENSE
844,3,3 Star,2021,Iowa,SPECIAL
845,2,4 Star,2021,Iowa,DEFENSE
846,3,4 Star,2021,Iowa,OFFENSE
847,2,4 Star,2021,Iowa,SPECIAL
848,7,3 Star,2022,Iowa,DEFENSE
849,8,3 Star,2022,Iowa,OFFENSE
850,2,3 Star,2022,Iowa,SPECIAL
851,2,4 Star,2022,Iowa,DEFENSE
852,1,2 Star,2019,Iowa St.,DEFENSE
853,2,2 Star,2019,Iowa St.,OFFENSE
854,9,3 Star,2019,Iowa St.,DEFENSE
855,11,3 Star,2019,Iowa St.,OFFENSE
856,2,3 Star,2019,Iowa St.,SPECIAL
857,3,4 Star,2019,Iowa St.,OFFENSE
858,1,2 Star,2020,Iowa St.,SPECIAL
859,11,3 Star,2020,Iowa St.,DEFENSE
860,11,3 Star,2020,Iowa St.,OFFENSE
861,1,3 Star,2020,Iowa St.,SPECIAL
862,1,4 Star,2020,Iowa St.,OFFENSE
863,10,3 Star,2021,Iowa St.,DEFENSE
864,7,3 Star,2021,Iowa St.,OFFENSE
865,3,3 Star,2021,Iowa St.,SPECIAL
866,10,3 Star,2022,Iowa St.,DEFENSE
867,9,3 Star,2022,Iowa St.,OFFENSE
868,3,3 Star,2022,Iowa St.,SPECIAL
869,1,4 Star,2022,Iowa St.,DEFENSE
870,1,4 Star,2022,Iowa St.,OFFENSE
873,2,3 Star,2022,James Madison,DEFENSE
874,3,3 Star,2022,James Madison,OFFENSE
875,1,2 Star,2019,Kansas,SPECIAL
876,6,3 Star,2019,Kansas,DEFENSE
877,8,3 Star,2019,Kansas,OFFENSE
878,5,3 Star,2019,Kansas,SPECIAL
879,1,4 Star,2019,Kansas,DEFENSE
880,2,2 Star,2020,Kansas,SPECIAL
881,10,3 Star,2020,Kansas,DEFENSE
882,15,3 Star,2020,Kansas,OFFENSE
883,2,3 Star,2020,Kansas,SPECIAL
884,1,2 Star,2021,Kansas,DEFENSE
885,13,3 Star,2021,Kansas,DEFENSE
886,14,3 Star,2021,Kansas,OFFENSE
887,2,3 Star,2021,Kansas,SPECIAL
888,6,3 Star,2022,Kansas,DEFENSE
889,8,3 Star,2022,Kansas,OFFENSE
890,1,3 Star,2022,Kansas,SPECIAL
891,1,2 Star,2019,Kansas St.,SPECIAL
892,9,3 Star,2019,Kansas St.,DEFENSE
893,10,3 Star,2019,Kansas St.,OFFENSE
894,5,3 Star,2019,Kansas St.,SPECIAL
895,1,2 Star,2020,Kansas St.,DEFENSE
896,16,3 Star,2020,Kansas St.,DEFENSE
897,14,3 Star,2020,Kansas St.,OFFENSE
898,2,3 Star,2020,Kansas St.,SPECIAL
899,1,2 Star,2021,Kansas St.,DEFENSE
900,1,2 Star,2021,Kansas St.,OFFENSE
901,9,3 Star,2021,Kansas St.,DEFENSE
902,6,3 Star,2021,Kansas St.,OFFENSE
903,4,3 Star,2021,Kansas St.,SPECIAL
904,2,4 Star,2021,Kansas St.,OFFENSE
905,10,3 Star,2022,Kansas St.,DEFENSE
906,8,3 Star,2022,Kansas St.,OFFENSE
907,2,3 Star,2022,Kansas St.,SPECIAL
908,1,4 Star,2022,Kansas St.,DEFENSE
909,1,4 Star,2022,Kansas St.,OFFENSE
910,4,2 Star,2019,Kent St.,DEFENSE
911,9,2 Star,2019,Kent St.,OFFENSE
912,1,2 Star,2019,Kent St.,SPECIAL
913,11,3 Star,2019,Kent St.,DEFENSE
914,5,3 Star,2019,Kent St.,OFFENSE
915,1,2 Star,2020,Kent St.,DEFENSE
916,2,2 Star,2020,Kent St.,OFFENSE
917,1,2 Star,2020,Kent St.,SPECIAL
918,13,3 Star,2020,Kent St.,DEFENSE
919,9,3 Star,2020,Kent St.,OFFENSE
920,1,4 Star,2020,Kent St.,DEFENSE
921,1,2 Star,2021,Kent St.,OFFENSE
922,1,2 Star,2021,Kent St.,SPECIAL
923,12,3 Star,2021,Kent St.,DEFENSE
924,7,3 Star,2021,Kent St.,OFFENSE
925,1,2 Star,2022,Kent St.,DEFENSE
926,2,2 Star,2022,Kent St.,OFFENSE
927,5,3 Star,2022,Kent St.,DEFENSE
928,13,3 Star,2022,Kent St.,OFFENSE
929,10,3 Star,2019,Kentucky,DEFENSE
930,9,3 Star,2019,Kentucky,OFFENSE
931,2,3 Star,2019,Kentucky,SPECIAL
932,4,4 Star,2019,Kentucky,DEFENSE
933,1,2 Star,2020,Kentucky,DEFENSE
934,7,3 Star,2020,Kentucky,DEFENSE
935,10,3 Star,2020,Kentucky,OFFENSE
936,3,4 Star,2020,Kentucky,DEFENSE
937,3,4 Star,2020,Kentucky,OFFENSE
938,1,4 Star,2020,Kentucky,SPECIAL
939,9,3 Star,2021,Kentucky,DEFENSE
940,9,3 Star,2021,Kentucky,OFFENSE
941,2,3 Star,2021,Kentucky,SPECIAL
942,1,4 Star,2021,Kentucky,DEFENSE
943,4,4 Star,2021,Kentucky,OFFENSE
944,6,3 Star,2022,Kentucky,DEFENSE
945,5,3 Star,2022,Kentucky,OFFENSE
946,2,3 Star,2022,Kentucky,SPECIAL
947,5,4 Star,2022,Kentucky,DEFENSE
948,5,4 Star,2022,Kentucky,OFFENSE
949,3,4 Star,2022,Kentucky,SPECIAL
950,1,2 Star,2019,LSU,OFFENSE
951,1,2 Star,2019,LSU,SPECIAL
952,7,3 Star,2019,LSU,DEFENSE
953,5,3 Star,2019,LSU,OFFENSE
954,1,3 Star,2019,LSU,SPECIAL
955,3,4 Star,2019,LSU,DEFENSE
956,6,4 Star,2019,LSU,OFFENSE
957,2,4 Star,2019,LSU,SPECIAL
958,2,5 Star,2019,LSU,DEFENSE
959,1,5 Star,2019,LSU,OFFENSE
960,1,3 Star,2020,LSU,DEFENSE
961,6,3 Star,2020,LSU,OFFENSE
962,10,4 Star,2020,LSU,DEFENSE
963,4,4 Star,2020,LSU,OFFENSE
964,1,5 Star,2020,LSU,DEFENSE
965,2,5 Star,2020,LSU,OFFENSE
966,3,3 Star,2021,LSU,DEFENSE
967,3,3 Star,2021,LSU,OFFENSE
968,1,3 Star,2021,LSU,SPECIAL
969,8,4 Star,2021,LSU,DEFENSE
970,9,4 Star,2021,LSU,OFFENSE
971,2,5 Star,2021,LSU,DEFENSE
972,1,2 Star,2022,LSU,SPECIAL
973,6,3 Star,2022,LSU,DEFENSE
974,3,3 Star,2022,LSU,OFFENSE
975,3,3 Star,2022,LSU,SPECIAL
976,8,4 Star,2022,LSU,DEFENSE
977,8,4 Star,2022,LSU,OFFENSE
978,1,5 Star,2022,LSU,DEFENSE
979,2,2 Star,2019,Liberty,DEFENSE
980,1,2 Star,2019,Liberty,OFFENSE
981,7,3 Star,2019,Liberty,DEFENSE
982,4,3 Star,2019,Liberty,OFFENSE
983,5,2 Star,2020,Liberty,DEFENSE
984,7,2 Star,2020,Liberty,OFFENSE
985,2,2 Star,2020,Liberty,SPECIAL
986,11,3 Star,2020,Liberty,DEFENSE
987,8,3 Star,2020,Liberty,OFFENSE
988,3,2 Star,2021,Liberty,DEFENSE
989,2,2 Star,2021,Liberty,OFFENSE
990,8,3 Star,2021,Liberty,DEFENSE
991,6,3 Star,2021,Liberty,OFFENSE
992,1,2 Star,2022,Liberty,OFFENSE
993,10,3 Star,2022,Liberty,DEFENSE
994,9,3 Star,2022,Liberty,OFFENSE
995,1,3 Star,2022,Liberty,SPECIAL
996,4,2 Star,2019,Louisiana,DEFENSE
997,4,2 Star,2019,Louisiana,OFFENSE
998,1,2 Star,2019,Louisiana,SPECIAL
999,10,3 Star,2019,Louisiana,DEFENSE
1000,12,3 Star,2019,Louisiana,OFFENSE
1001,1,3 Star,2019,Louisiana,SPECIAL
1002,1,4 Star,2019,Louisiana,DEFENSE
1003,1,2 Star,2020,Louisiana,SPECIAL
1004,7,3 Star,2020,Louisiana,DEFENSE
1005,10,3 Star,2020,Louisiana,OFFENSE
1006,4,3 Star,2020,Louisiana,SPECIAL
1007,1,4 Star,2020,Louisiana,OFFENSE
1008,1,2 Star,2021,Louisiana,OFFENSE
1009,10,3 Star,2021,Louisiana,DEFENSE
1010,15,3 Star,2021,Louisiana,OFFENSE
1011,1,3 Star,2021,Louisiana,SPECIAL
1012,4,3 Star,2022,Louisiana,DEFENSE
1013,7,3 Star,2022,Louisiana,OFFENSE
1014,1,2 Star,2019,Louisiana Tech,DEFENSE
1015,3,2 Star,2019,Louisiana Tech,OFFENSE
1016,1,2 Star,2019,Louisiana Tech,SPECIAL
1017,8,3 Star,2019,Louisiana Tech,DEFENSE
1018,5,3 Star,2019,Louisiana Tech,OFFENSE
1019,3,3 Star,2019,Louisiana Tech,SPECIAL
1020,1,2 Star,2020,Louisiana Tech,DEFENSE
1021,1,2 Star,2020,Louisiana Tech,OFFENSE
1022,15,3 Star,2020,Louisiana Tech,DEFENSE
1023,10,3 Star,2020,Louisiana Tech,OFFENSE
1024,2,3 Star,2020,Louisiana Tech,SPECIAL
1025,8,3 Star,2021,Louisiana Tech,DEFENSE
1026,10,3 Star,2021,Louisiana Tech,OFFENSE
1027,6,3 Star,2022,Louisiana Tech,DEFENSE
1028,10,3 Star,2022,Louisiana Tech,OFFENSE
1029,1,3 Star,2022,Louisiana Tech,SPECIAL
1030,1,4 Star,2022,Louisiana Tech,OFFENSE
1031,7,2 Star,2019,ULM,DEFENSE
1032,4,2 Star,2019,ULM,OFFENSE
1033,4,3 Star,2019,ULM,DEFENSE
1034,5,3 Star,2019,ULM,OFFENSE
1035,2,2 Star,2020,ULM,DEFENSE
1036,3,2 Star,2020,ULM,OFFENSE
1037,10,3 Star,2020,ULM,DEFENSE
1038,9,3 Star,2020,ULM,OFFENSE
1039,2,2 Star,2021,ULM,DEFENSE
1040,2,2 Star,2021,ULM,OFFENSE
1041,13,3 Star,2021,ULM,DEFENSE
1042,11,3 Star,2021,ULM,OFFENSE
1043,1,3 Star,2021,ULM,SPECIAL
1044,1,2 Star,2022,ULM,DEFENSE
1045,2,2 Star,2022,ULM,OFFENSE
1046,2,3 Star,2022,ULM,DEFENSE
1047,3,3 Star,2022,ULM,OFFENSE
1048,7,3 Star,2019,Louisville,DEFENSE
1049,10,3 Star,2019,Louisville,OFFENSE
1050,2,3 Star,2019,Louisville,SPECIAL
1051,2,4 Star,2019,Louisville,DEFENSE
1052,13,3 Star,2020,Louisville,DEFENSE
1053,12,3 Star,2020,Louisville,OFFENSE
1054,4,3 Star,2020,Louisville,SPECIAL
1055,1,2 Star,2021,Louisville,OFFENSE
1056,16,3 Star,2021,Louisville,DEFENSE
1057,10,3 Star,2021,Louisville,OFFENSE
1058,1,3 Star,2021,Louisville,SPECIAL
1059,1,4 Star,2021,Louisville,DEFENSE
1060,1,2 Star,2022,Louisville,DEFENSE
1061,10,3 Star,2022,Louisville,DEFENSE
1062,10,3 Star,2022,Louisville,OFFENSE
1063,2,4 Star,2022,Louisville,DEFENSE
1064,3,4 Star,2022,Louisville,OFFENSE
1065,1,2 Star,2019,Marshall,DEFENSE
1066,3,2 Star,2019,Marshall,OFFENSE
1067,2,2 Star,2019,Marshall,SPECIAL
1068,19,3 Star,2019,Marshall,DEFENSE
1069,12,3 Star,2019,Marshall,OFFENSE
1070,3,2 Star,2020,Marshall,DEFENSE
1071,4,2 Star,2020,Marshall,OFFENSE
1072,1,2 Star,2020,Marshall,SPECIAL
1073,9,3 Star,2020,Marshall,DEFENSE
1074,9,3 Star,2020,Marshall,OFFENSE
1075,1,4 Star,2020,Marshall,DEFENSE
1076,1,2 Star,2021,Marshall,DEFENSE
1077,1,2 Star,2021,Marshall,OFFENSE
1078,1,2 Star,2021,Marshall,SPECIAL
1079,6,3 Star,2021,Marshall,DEFENSE
1080,8,3 Star,2021,Marshall,OFFENSE
1081,1,4 Star,2021,Marshall,DEFENSE
1082,1,2 Star,2022,Marshall,DEFENSE
1083,14,3 Star,2022,Marshall,DEFENSE
1084,19,3 Star,2022,Marshall,OFFENSE
1085,1,3 Star,2022,Marshall,SPECIAL
1086,1,5 Star,2022,Marshall,OFFENSE
1087,1,2 Star,2019,Maryland,OFFENSE
1088,9,3 Star,2019,Maryland,DEFENSE
1089,8,3 Star,2019,Maryland,OFFENSE
1090,1,3 Star,2019,Maryland,SPECIAL
1091,3,4 Star,2019,Maryland,DEFENSE
1092,2,4 Star,2019,Maryland,OFFENSE
1093,2,2 Star,2020,Maryland,OFFENSE
1094,15,3 Star,2020,Maryland,DEFENSE
1095,12,3 Star,2020,Maryland,OFFENSE
1096,1,4 Star,2020,Maryland,DEFENSE
1097,1,4 Star,2020,Maryland,OFFENSE
1098,1,5 Star,2020,Maryland,OFFENSE
1099,8,3 Star,2021,Maryland,DEFENSE
1100,10,3 Star,2021,Maryland,OFFENSE
1101,1,3 Star,2021,Maryland,SPECIAL
1102,4,4 Star,2021,Maryland,DEFENSE
1103,1,5 Star,2021,Maryland,DEFENSE
1104,6,3 Star,2022,Maryland,DEFENSE
1105,8,3 Star,2022,Maryland,OFFENSE
1106,3,3 Star,2022,Maryland,SPECIAL
1107,1,4 Star,2022,Maryland,DEFENSE
1108,3,4 Star,2022,Maryland,OFFENSE
1109,1,4 Star,2022,Maryland,SPECIAL
1110,5,2 Star,2019,Massachusetts,DEFENSE
1111,3,2 Star,2019,Massachusetts,OFFENSE
1112,7,3 Star,2019,Massachusetts,DEFENSE
1113,8,3 Star,2019,Massachusetts,OFFENSE
1114,1,3 Star,2019,Massachusetts,SPECIAL
1115,1,4 Star,2019,Massachusetts,DEFENSE
1116,2,2 Star,2020,Massachusetts,DEFENSE
1117,2,2 Star,2020,Massachusetts,OFFENSE
1118,10,3 Star,2020,Massachusetts,DEFENSE
1119,10,3 Star,2020,Massachusetts,OFFENSE
1120,1,3 Star,2020,Massachusetts,SPECIAL
1121,4,2 Star,2021,Massachusetts,DEFENSE
1122,2,2 Star,2021,Massachusetts,OFFENSE
1123,1,2 Star,2021,Massachusetts,SPECIAL
1124,6,3 Star,2021,Massachusetts,DEFENSE
1125,10,3 Star,2021,Massachusetts,OFFENSE
1126,2,3 Star,2021,Massachusetts,SPECIAL
1127,4,2 Star,2022,Massachusetts,DEFENSE
1128,2,2 Star,2022,Massachusetts,OFFENSE
1129,2,2 Star,2022,Massachusetts,SPECIAL
1130,11,3 Star,2022,Massachusetts,DEFENSE
1131,5,3 Star,2022,Massachusetts,OFFENSE
1132,1,3 Star,2022,Massachusetts,SPECIAL
1133,1,2 Star,2019,Memphis,OFFENSE
1134,11,3 Star,2019,Memphis,DEFENSE
1135,12,3 Star,2019,Memphis,OFFENSE
1136,1,3 Star,2019,Memphis,SPECIAL
1137,1,4 Star,2019,Memphis,DEFENSE
1138,1,4 Star,2019,Memphis,OFFENSE
1139,7,3 Star,2020,Memphis,DEFENSE
1140,12,3 Star,2020,Memphis,OFFENSE
1141,1,3 Star,2020,Memphis,SPECIAL
1142,1,2 Star,2021,Memphis,OFFENSE
1143,1,2 Star,2021,Memphis,SPECIAL
1144,17,3 Star,2021,Memphis,DEFENSE
1145,14,3 Star,2021,Memphis,OFFENSE
1146,3,3 Star,2021,Memphis,SPECIAL
1147,1,4 Star,2021,Memphis,DEFENSE
1148,1,4 Star,2021,Memphis,OFFENSE
1149,1,2 Star,2022,Memphis,DEFENSE
1150,13,3 Star,2022,Memphis,DEFENSE
1151,10,3 Star,2022,Memphis,OFFENSE
1152,1,4 Star,2022,Memphis,OFFENSE
1153,1,2 Star,2019,Miami (FL),DEFENSE
1154,1,2 Star,2019,Miami (FL),OFFENSE
1155,4,3 Star,2019,Miami (FL),DEFENSE
1156,7,3 Star,2019,Miami (FL),OFFENSE
1157,1,3 Star,2019,Miami (FL),SPECIAL
1158,9,4 Star,2019,Miami (FL),DEFENSE
1159,5,4 Star,2019,Miami (FL),OFFENSE
1160,6,3 Star,2020,Miami (FL),DEFENSE
1161,5,3 Star,2020,Miami (FL),OFFENSE
1162,2,3 Star,2020,Miami (FL),SPECIAL
1163,6,4 Star,2020,Miami (FL),DEFENSE
1164,7,4 Star,2020,Miami (FL),OFFENSE
1165,5,3 Star,2021,Miami (FL),DEFENSE
1166,3,3 Star,2021,Miami (FL),OFFENSE
1167,2,3 Star,2021,Miami (FL),SPECIAL
1168,3,4 Star,2021,Miami (FL),DEFENSE
1169,10,4 Star,2021,Miami (FL),OFFENSE
1170,1,4 Star,2021,Miami (FL),SPECIAL
1171,2,5 Star,2021,Miami (FL),DEFENSE
1172,7,3 Star,2022,Miami (FL),DEFENSE
1173,5,3 Star,2022,Miami (FL),OFFENSE
1174,7,4 Star,2022,Miami (FL),DEFENSE
1175,5,4 Star,2022,Miami (FL),OFFENSE
1176,1,4 Star,2022,Miami (FL),SPECIAL
1177,7,2 Star,2019,Miami (OH),DEFENSE
1178,6,2 Star,2019,Miami (OH),OFFENSE
1179,1,2 Star,2019,Miami (OH),SPECIAL
1180,8,3 Star,2019,Miami (OH),DEFENSE
1181,7,3 Star,2019,Miami (OH),OFFENSE
1182,2,3 Star,2019,Miami (OH),SPECIAL
1183,1,2 Star,2020,Miami (OH),DEFENSE
1184,4,2 Star,2020,Miami (OH),OFFENSE
1185,1,2 Star,2020,Miami (OH),SPECIAL
1186,4,3 Star,2020,Miami (OH),DEFENSE
1187,15,3 Star,2020,Miami (OH),OFFENSE
1188,2,3 Star,2020,Miami (OH),SPECIAL
1189,2,2 Star,2021,Miami (OH),DEFENSE
1190,1,2 Star,2021,Miami (OH),OFFENSE
1191,10,3 Star,2021,Miami (OH),DEFENSE
1192,10,3 Star,2021,Miami (OH),OFFENSE
1193,2,3 Star,2021,Miami (OH),SPECIAL
1194,12,3 Star,2022,Miami (OH),DEFENSE
1195,9,3 Star,2022,Miami (OH),OFFENSE
1196,2,3 Star,2022,Miami (OH),SPECIAL
1197,1,2 Star,2019,Michigan,OFFENSE
1198,7,3 Star,2019,Michigan,DEFENSE
1199,3,3 Star,2019,Michigan,OFFENSE
1200,1,3 Star,2019,Michigan,SPECIAL
1201,5,4 Star,2019,Michigan,DEFENSE
1202,9,4 Star,2019,Michigan,OFFENSE
1203,2,5 Star,2019,Michigan,DEFENSE
1204,1,2 Star,2020,Michigan,OFFENSE
1205,5,3 Star,2020,Michigan,DEFENSE
1206,3,3 Star,2020,Michigan,OFFENSE
1207,2,3 Star,2020,Michigan,SPECIAL
1208,9,4 Star,2020,Michigan,DEFENSE
1209,6,4 Star,2020,Michigan,OFFENSE
1210,7,3 Star,2021,Michigan,DEFENSE
1211,6,3 Star,2021,Michigan,OFFENSE
1212,1,3 Star,2021,Michigan,SPECIAL
1213,5,4 Star,2021,Michigan,DEFENSE
1214,6,4 Star,2021,Michigan,OFFENSE
1215,1,5 Star,2021,Michigan,OFFENSE
1216,7,3 Star,2022,Michigan,DEFENSE
1217,7,3 Star,2022,Michigan,OFFENSE
1218,5,4 Star,2022,Michigan,DEFENSE
1219,4,4 Star,2022,Michigan,OFFENSE
1220,1,4 Star,2022,Michigan,SPECIAL
1221,1,5 Star,2022,Michigan,DEFENSE
1222,1,2 Star,2019,Michigan St.,SPECIAL
1223,5,3 Star,2019,Michigan St.,DEFENSE
1224,11,3 Star,2019,Michigan St.,OFFENSE
1225,2,3 Star,2019,Michigan St.,SPECIAL
1226,1,4 Star,2019,Michigan St.,DEFENSE
1227,1,4 Star,2019,Michigan St.,OFFENSE
1228,11,3 Star,2020,Michigan St.,DEFENSE
1229,11,3 Star,2020,Michigan St.,OFFENSE
1230,1,3 Star,2020,Michigan St.,SPECIAL
1231,16,3 Star,2021,Michigan St.,DEFENSE
1232,13,3 Star,2021,Michigan St.,OFFENSE
1233,1,3 Star,2021,Michigan St.,SPECIAL
1234,2,4 Star,2021,Michigan St.,DEFENSE
1235,1,4 Star,2021,Michigan St.,OFFENSE
1236,1,2 Star,2022,Michigan St.,OFFENSE
1237,10,3 Star,2022,Michigan St.,DEFENSE
1238,8,3 Star,2022,Michigan St.,OFFENSE
1239,1,3 Star,2022,Michigan St.,SPECIAL
1240,4,4 Star,2022,Michigan St.,DEFENSE
1241,6,4 Star,2022,Michigan St.,OFFENSE
1242,2,4 Star,2022,Michigan St.,SPECIAL
1243,3,2 Star,2019,Middle Tenn.,DEFENSE
1244,1,2 Star,2019,Middle Tenn.,OFFENSE
1245,2,2 Star,2019,Middle Tenn.,SPECIAL
1246,9,3 Star,2019,Middle Tenn.,DEFENSE
1247,10,3 Star,2019,Middle Tenn.,OFFENSE
1248,1,3 Star,2019,Middle Tenn.,SPECIAL
1249,1,2 Star,2020,Middle Tenn.,DEFENSE
1250,1,2 Star,2020,Middle Tenn.,OFFENSE
1251,1,2 Star,2020,Middle Tenn.,SPECIAL
1252,11,3 Star,2020,Middle Tenn.,DEFENSE
1253,8,3 Star,2020,Middle Tenn.,OFFENSE
1254,3,3 Star,2020,Middle Tenn.,SPECIAL
1255,1,4 Star,2020,Middle Tenn.,OFFENSE
1256,5,3 Star,2021,Middle Tenn.,DEFENSE
1257,9,3 Star,2021,Middle Tenn.,OFFENSE
1258,1,3 Star,2022,Middle Tenn.,DEFENSE
1259,10,3 Star,2022,Middle Tenn.,OFFENSE
1260,1,3 Star,2022,Middle Tenn.,SPECIAL
1261,3,2 Star,2019,Minnesota,SPECIAL
1262,11,3 Star,2019,Minnesota,DEFENSE
1263,9,3 Star,2019,Minnesota,OFFENSE
1264,3,3 Star,2019,Minnesota,SPECIAL
1265,1,4 Star,2019,Minnesota,DEFENSE
1266,12,3 Star,2020,Minnesota,DEFENSE
1267,7,3 Star,2020,Minnesota,OFFENSE
1268,3,3 Star,2020,Minnesota,SPECIAL
1269,1,4 Star,2020,Minnesota,DEFENSE
1270,1,4 Star,2020,Minnesota,OFFENSE
1271,1,2 Star,2021,Minnesota,SPECIAL
1272,9,3 Star,2021,Minnesota,DEFENSE
1273,9,3 Star,2021,Minnesota,OFFENSE
1274,1,3 Star,2021,Minnesota,SPECIAL
1275,2,4 Star,2021,Minnesota,DEFENSE
1276,2,4 Star,2021,Minnesota,OFFENSE
1277,10,3 Star,2022,Minnesota,DEFENSE
1278,11,3 Star,2022,Minnesota,OFFENSE
1279,1,3 Star,2022,Minnesota,SPECIAL
1280,2,4 Star,2022,Minnesota,DEFENSE
1281,7,3 Star,2019,Mississippi St.,DEFENSE
1282,11,3 Star,2019,Mississippi St.,OFFENSE
1283,3,3 Star,2019,Mississippi St.,SPECIAL
1284,4,4 Star,2019,Mississippi St.,DEFENSE
1285,1,4 Star,2019,Mississippi St.,OFFENSE
1286,1,5 Star,2019,Mississippi St.,OFFENSE
1287,3,2 Star,2020,Mississippi St.,OFFENSE
1288,10,3 Star,2020,Mississippi St.,DEFENSE
1289,6,3 Star,2020,Mississippi St.,OFFENSE
1290,4,3 Star,2020,Mississippi St.,SPECIAL
1291,2,4 Star,2020,Mississippi St.,DEFENSE
1292,4,4 Star,2020,Mississippi St.,OFFENSE
1293,1,4 Star,2020,Mississippi St.,SPECIAL
1294,1,2 Star,2021,Mississippi St.,DEFENSE
1295,10,3 Star,2021,Mississippi St.,DEFENSE
1296,11,3 Star,2021,Mississippi St.,OFFENSE
1297,1,3 Star,2021,Mississippi St.,SPECIAL
1298,1,4 Star,2021,Mississippi St.,DEFENSE
1299,5,4 Star,2021,Mississippi St.,OFFENSE
1300,2,2 Star,2022,Mississippi St.,SPECIAL
1301,9,3 Star,2022,Mississippi St.,DEFENSE
1302,11,3 Star,2022,Mississippi St.,OFFENSE
1303,2,3 Star,2022,Mississippi St.,SPECIAL
1304,4,4 Star,2022,Mississippi St.,DEFENSE
1305,1,4 Star,2022,Mississippi St.,OFFENSE
1306,1,2 Star,2019,Missouri,OFFENSE
1307,13,3 Star,2019,Missouri,DEFENSE
1308,8,3 Star,2019,Missouri,OFFENSE
1309,1,4 Star,2019,Missouri,DEFENSE
1310,4,4 Star,2019,Missouri,OFFENSE
1311,1,2 Star,2020,Missouri,OFFENSE
1312,7,3 Star,2020,Missouri,DEFENSE
1313,8,3 Star,2020,Missouri,OFFENSE
1314,2,3 Star,2020,Missouri,SPECIAL
1315,2,4 Star,2020,Missouri,OFFENSE
1316,2,2 Star,2021,Missouri,DEFENSE
1317,16,3 Star,2021,Missouri,DEFENSE
1318,9,3 Star,2021,Missouri,OFFENSE
1319,1,4 Star,2021,Missouri,DEFENSE
1320,1,4 Star,2021,Missouri,OFFENSE
1321,8,3 Star,2022,Missouri,DEFENSE
1322,8,3 Star,2022,Missouri,OFFENSE
1323,5,4 Star,2022,Missouri,DEFENSE
1324,4,4 Star,2022,Missouri,OFFENSE
1325,1,5 Star,2022,Missouri,OFFENSE
1326,1,2 Star,2019,NC State,DEFENSE
1327,1,2 Star,2019,NC State,OFFENSE
1328,1,2 Star,2019,NC State,SPECIAL
1329,8,3 Star,2019,NC State,DEFENSE
1330,12,3 Star,2019,NC State,OFFENSE
1331,4,4 Star,2019,NC State,DEFENSE
1332,1,4 Star,2019,NC State,OFFENSE
1333,1,2 Star,2020,NC State,SPECIAL
1334,9,3 Star,2020,NC State,DEFENSE
1335,10,3 Star,2020,NC State,OFFENSE
1336,1,4 Star,2020,NC State,DEFENSE
1337,1,4 Star,2020,NC State,OFFENSE
1338,1,2 Star,2021,NC State,SPECIAL
1339,11,3 Star,2021,NC State,DEFENSE
1340,10,3 Star,2021,NC State,OFFENSE
1341,1,4 Star,2021,NC State,DEFENSE
1342,2,4 Star,2021,NC State,OFFENSE
1343,6,3 Star,2022,NC State,DEFENSE
1344,5,3 Star,2022,NC State,OFFENSE
1345,1,4 Star,2022,NC State,DEFENSE
1346,1,4 Star,2022,NC State,OFFENSE
1347,8,3 Star,2019,Nebraska,DEFENSE
1348,12,3 Star,2019,Nebraska,OFFENSE
1349,3,3 Star,2019,Nebraska,SPECIAL
1350,5,4 Star,2019,Nebraska,DEFENSE
1351,2,4 Star,2019,Nebraska,OFFENSE
1352,1,4 Star,2019,Nebraska,SPECIAL
1353,1,2 Star,2020,Nebraska,DEFENSE
1354,12,3 Star,2020,Nebraska,DEFENSE
1355,6,3 Star,2020,Nebraska,OFFENSE
1356,1,3 Star,2020,Nebraska,SPECIAL
1357,4,4 Star,2020,Nebraska,DEFENSE
1358,7,4 Star,2020,Nebraska,OFFENSE
1359,8,3 Star,2021,Nebraska,DEFENSE
1360,10,3 Star,2021,Nebraska,OFFENSE
1361,2,3 Star,2021,Nebraska,SPECIAL
1362,2,4 Star,2021,Nebraska,DEFENSE
1363,3,4 Star,2021,Nebraska,OFFENSE
1364,1,2 Star,2022,Nebraska,SPECIAL
1365,7,3 Star,2022,Nebraska,DEFENSE
1366,14,3 Star,2022,Nebraska,OFFENSE
1367,4,4 Star,2022,Nebraska,DEFENSE
1368,2,4 Star,2022,Nebraska,OFFENSE
1369,4,2 Star,2019,Nevada,DEFENSE
1370,2,2 Star,2019,Nevada,OFFENSE
1371,1,2 Star,2019,Nevada,SPECIAL
1372,7,3 Star,2019,Nevada,DEFENSE
1373,7,3 Star,2019,Nevada,OFFENSE
1374,1,3 Star,2019,Nevada,SPECIAL
1375,2,2 Star,2020,Nevada,DEFENSE
1376,2,2 Star,2020,Nevada,OFFENSE
1377,3,2 Star,2020,Nevada,SPECIAL
1378,5,3 Star,2020,Nevada,DEFENSE
1379,8,3 Star,2020,Nevada,OFFENSE
1380,4,3 Star,2020,Nevada,SPECIAL
1381,1,2 Star,2021,Nevada,DEFENSE
1382,11,3 Star,2021,Nevada,DEFENSE
1383,12,3 Star,2021,Nevada,OFFENSE
1384,1,3 Star,2021,Nevada,SPECIAL
1385,1,4 Star,2021,Nevada,OFFENSE
1386,1,2 Star,2022,Nevada,DEFENSE
1387,2,2 Star,2022,Nevada,OFFENSE
1388,6,3 Star,2022,Nevada,DEFENSE
1389,5,3 Star,2022,Nevada,OFFENSE
1390,1,3 Star,2022,Nevada,SPECIAL
1391,1,4 Star,2022,Nevada,DEFENSE
1392,1,4 Star,2022,Nevada,OFFENSE
1393,9,2 Star,2019,New Mexico,DEFENSE
1394,4,2 Star,2019,New Mexico,OFFENSE
1395,2,2 Star,2019,New Mexico,SPECIAL
1396,7,3 Star,2019,New Mexico,DEFENSE
1397,5,3 Star,2019,New Mexico,OFFENSE
1398,5,2 Star,2020,New Mexico,DEFENSE
1399,4,2 Star,2020,New Mexico,OFFENSE
1400,8,3 Star,2020,New Mexico,DEFENSE
1401,9,3 Star,2020,New Mexico,OFFENSE
1402,1,3 Star,2020,New Mexico,SPECIAL
1403,1,2 Star,2021,New Mexico,OFFENSE
1404,11,3 Star,2021,New Mexico,DEFENSE
1405,12,3 Star,2021,New Mexico,OFFENSE
1406,2,3 Star,2021,New Mexico,SPECIAL
1407,1,4 Star,2021,New Mexico,OFFENSE
1408,2,2 Star,2022,New Mexico,DEFENSE
1409,6,2 Star,2022,New Mexico,OFFENSE
1410,1,2 Star,2022,New Mexico,SPECIAL
1411,7,3 Star,2022,New Mexico,DEFENSE
1412,6,3 Star,2022,New Mexico,OFFENSE
1413,1,3 Star,2022,New Mexico,SPECIAL
1414,6,2 Star,2019,New Mexico St.,DEFENSE
1415,7,2 Star,2019,New Mexico St.,OFFENSE
1416,1,2 Star,2019,New Mexico St.,SPECIAL
1417,6,3 Star,2019,New Mexico St.,DEFENSE
1418,4,3 Star,2019,New Mexico St.,OFFENSE
1419,1,4 Star,2019,New Mexico St.,OFFENSE
1420,2,2 Star,2020,New Mexico St.,DEFENSE
1421,7,2 Star,2020,New Mexico St.,OFFENSE
1422,5,3 Star,2020,New Mexico St.,DEFENSE
1423,6,3 Star,2020,New Mexico St.,OFFENSE
1424,2,2 Star,2021,New Mexico St.,DEFENSE
1425,1,2 Star,2021,New Mexico St.,OFFENSE
1426,6,3 Star,2021,New Mexico St.,DEFENSE
1427,8,3 Star,2021,New Mexico St.,OFFENSE
1428,2,3 Star,2021,New Mexico St.,SPECIAL
1429,2,2 Star,2022,New Mexico St.,DEFENSE
1430,3,2 Star,2022,New Mexico St.,OFFENSE
1431,1,2 Star,2022,New Mexico St.,SPECIAL
1432,7,3 Star,2022,New Mexico St.,DEFENSE
1433,8,3 Star,2022,New Mexico St.,OFFENSE
1434,1,3 Star,2022,New Mexico St.,SPECIAL
1435,3,2 Star,2019,North Carolina,SPECIAL
1436,11,3 Star,2019,North Carolina,DEFENSE
1437,8,3 Star,2019,North Carolina,OFFENSE
1438,3,4 Star,2019,North Carolina,DEFENSE
1439,3,4 Star,2019,North Carolina,OFFENSE
1440,4,3 Star,2020,North Carolina,DEFENSE
1441,11,3 Star,2020,North Carolina,OFFENSE
1442,1,3 Star,2020,North Carolina,SPECIAL
1443,6,4 Star,2020,North Carolina,DEFENSE
1444,3,4 Star,2020,North Carolina,OFFENSE
1445,1,5 Star,2020,North Carolina,DEFENSE
1446,2,3 Star,2021,North Carolina,DEFENSE
1447,3,3 Star,2021,North Carolina,OFFENSE
1448,2,3 Star,2021,North Carolina,SPECIAL
1449,4,4 Star,2021,North Carolina,DEFENSE
1450,6,4 Star,2021,North Carolina,OFFENSE
1451,2,4 Star,2021,North Carolina,SPECIAL
1452,1,5 Star,2021,North Carolina,DEFENSE
1453,4,3 Star,2022,North Carolina,DEFENSE
1454,5,3 Star,2022,North Carolina,OFFENSE
1455,1,3 Star,2022,North Carolina,SPECIAL
1456,6,4 Star,2022,North Carolina,DEFENSE
1457,4,4 Star,2022,North Carolina,OFFENSE
1458,1,5 Star,2022,North Carolina,DEFENSE
1459,1,5 Star,2022,North Carolina,OFFENSE
1460,1,2 Star,2019,North Texas,DEFENSE
1461,14,3 Star,2019,North Texas,DEFENSE
1462,11,3 Star,2019,North Texas,OFFENSE
1463,1,4 Star,2019,North Texas,DEFENSE
1464,1,2 Star,2020,North Texas,DEFENSE
1465,11,3 Star,2020,North Texas,DEFENSE
1466,14,3 Star,2020,North Texas,OFFENSE
1467,3,2 Star,2021,North Texas,DEFENSE
1468,14,3 Star,2021,North Texas,DEFENSE
1469,9,3 Star,2021,North Texas,OFFENSE
1470,1,4 Star,2021,North Texas,OFFENSE
1471,1,2 Star,2022,North Texas,DEFENSE
1472,7,3 Star,2022,North Texas,DEFENSE
1473,8,3 Star,2022,North Texas,OFFENSE
1474,3,2 Star,2019,NIU,DEFENSE
1475,3,2 Star,2019,NIU,OFFENSE
1476,1,2 Star,2019,NIU,SPECIAL
1477,7,3 Star,2019,NIU,DEFENSE
1478,7,3 Star,2019,NIU,OFFENSE
1479,2,2 Star,2020,NIU,DEFENSE
1480,5,2 Star,2020,NIU,OFFENSE
1481,15,3 Star,2020,NIU,DEFENSE
1482,9,3 Star,2020,NIU,OFFENSE
1483,1,3 Star,2020,NIU,SPECIAL
1484,3,2 Star,2021,NIU,DEFENSE
1485,1,2 Star,2021,NIU,OFFENSE
1486,11,3 Star,2021,NIU,DEFENSE
1487,11,3 Star,2021,NIU,OFFENSE
1488,1,3 Star,2021,NIU,SPECIAL
1489,1,2 Star,2022,NIU,DEFENSE
1490,2,2 Star,2022,NIU,OFFENSE
1491,2,2 Star,2022,NIU,SPECIAL
1492,10,3 Star,2022,NIU,DEFENSE
1493,6,3 Star,2022,NIU,OFFENSE
1494,2,3 Star,2022,NIU,SPECIAL
1495,9,3 Star,2019,Northwestern,DEFENSE
1496,9,3 Star,2019,Northwestern,OFFENSE
1497,2,3 Star,2019,Northwestern,SPECIAL
1498,1,2 Star,2020,Northwestern,OFFENSE
1499,10,3 Star,2020,Northwestern,DEFENSE
1500,8,3 Star,2020,Northwestern,OFFENSE
1501,1,4 Star,2020,Northwestern,OFFENSE
1502,1,2 Star,2021,Northwestern,DEFENSE
1503,7,3 Star,2021,Northwestern,DEFENSE
1504,10,3 Star,2021,Northwestern,OFFENSE
1505,2,3 Star,2021,Northwestern,SPECIAL
1506,1,4 Star,2021,Northwestern,DEFENSE
1507,2,4 Star,2021,Northwestern,OFFENSE
1508,10,3 Star,2022,Northwestern,DEFENSE
1509,5,3 Star,2022,Northwestern,OFFENSE
1510,3,3 Star,2022,Northwestern,SPECIAL
1511,1,4 Star,2022,Northwestern,DEFENSE
1512,1,4 Star,2022,Northwestern,OFFENSE
1513,2,3 Star,2019,Notre Dame,DEFENSE
1514,2,3 Star,2019,Notre Dame,OFFENSE
1515,3,3 Star,2019,Notre Dame,SPECIAL
1516,11,4 Star,2019,Notre Dame,DEFENSE
1517,5,4 Star,2019,Notre Dame,OFFENSE
1518,6,3 Star,2020,Notre Dame,DEFENSE
1519,4,3 Star,2020,Notre Dame,OFFENSE
1520,2,3 Star,2020,Notre Dame,SPECIAL
1521,2,4 Star,2020,Notre Dame,DEFENSE
1522,6,4 Star,2020,Notre Dame,OFFENSE
1523,1,5 Star,2020,Notre Dame,OFFENSE
1524,8,3 Star,2021,Notre Dame,DEFENSE
1525,6,3 Star,2021,Notre Dame,OFFENSE
1526,2,3 Star,2021,Notre Dame,SPECIAL
1527,5,4 Star,2021,Notre Dame,DEFENSE
1528,10,4 Star,2021,Notre Dame,OFFENSE
1529,3,3 Star,2022,Notre Dame,DEFENSE
1530,1,3 Star,2022,Notre Dame,OFFENSE
1531,1,3 Star,2022,Notre Dame,SPECIAL
1532,8,4 Star,2022,Notre Dame,DEFENSE
1533,9,4 Star,2022,Notre Dame,OFFENSE
1534,1,5 Star,2022,Notre Dame,DEFENSE
1535,2,2 Star,2019,Ohio,DEFENSE
1536,3,2 Star,2019,Ohio,OFFENSE
1537,1,2 Star,2019,Ohio,SPECIAL
1538,6,3 Star,2019,Ohio,DEFENSE
1539,8,3 Star,2019,Ohio,OFFENSE
1540,2,2 Star,2020,Ohio,OFFENSE
1541,1,2 Star,2020,Ohio,SPECIAL
1542,5,3 Star,2020,Ohio,DEFENSE
1543,7,3 Star,2020,Ohio,OFFENSE
1544,1,3 Star,2020,Ohio,SPECIAL
1545,2,2 Star,2021,Ohio,DEFENSE
1546,1,2 Star,2021,Ohio,OFFENSE
1547,5,3 Star,2021,Ohio,DEFENSE
1548,9,3 Star,2021,Ohio,OFFENSE
1549,1,3 Star,2021,Ohio,SPECIAL
1550,2,3 Star,2022,Ohio,DEFENSE
1551,4,3 Star,2022,Ohio,OFFENSE
1552,2,3 Star,2019,Ohio St.,DEFENSE
1553,4,3 Star,2019,Ohio St.,OFFENSE
1554,1,3 Star,2019,Ohio St.,SPECIAL
1555,4,4 Star,2019,Ohio St.,DEFENSE
1556,5,4 Star,2019,Ohio St.,OFFENSE
1557,1,4 Star,2019,Ohio St.,SPECIAL
1558,1,5 Star,2019,Ohio St.,DEFENSE
1559,3,5 Star,2019,Ohio St.,OFFENSE
1560,1,2 Star,2020,Ohio St.,OFFENSE
1561,1,3 Star,2020,Ohio St.,DEFENSE
1562,6,3 Star,2020,Ohio St.,OFFENSE
1563,1,3 Star,2020,Ohio St.,SPECIAL
1564,8,4 Star,2020,Ohio St.,DEFENSE
1565,6,4 Star,2020,Ohio St.,OFFENSE
1566,1,4 Star,2020,Ohio St.,SPECIAL
1567,3,5 Star,2020,Ohio St.,OFFENSE
1568,1,2 Star,2021,Ohio St.,SPECIAL
1569,1,3 Star,2021,Ohio St.,DEFENSE
1570,1,3 Star,2021,Ohio St.,OFFENSE
1571,1,3 Star,2021,Ohio St.,SPECIAL
1572,7,4 Star,2021,Ohio St.,DEFENSE
1573,5,4 Star,2021,Ohio St.,OFFENSE
1574,1,4 Star,2021,Ohio St.,SPECIAL
1575,2,5 Star,2021,Ohio St.,DEFENSE
1576,5,5 Star,2021,Ohio St.,OFFENSE
1577,1,3 Star,2022,Ohio St.,DEFENSE
1578,2,3 Star,2022,Ohio St.,OFFENSE
1579,1,3 Star,2022,Ohio St.,SPECIAL
1580,8,4 Star,2022,Ohio St.,DEFENSE
1581,9,4 Star,2022,Ohio St.,OFFENSE
1582,1,4 Star,2022,Ohio St.,SPECIAL
1583,2,5 Star,2022,Ohio St.,DEFENSE
1584,1,2 Star,2019,Oklahoma,OFFENSE
1585,4,3 Star,2019,Oklahoma,DEFENSE
1586,6,3 Star,2019,Oklahoma,OFFENSE
1587,1,3 Star,2019,Oklahoma,SPECIAL
1588,8,4 Star,2019,Oklahoma,DEFENSE
1589,6,4 Star,2019,Oklahoma,OFFENSE
1590,3,5 Star,2019,Oklahoma,OFFENSE
1591,1,2 Star,2020,Oklahoma,OFFENSE
1592,4,3 Star,2020,Oklahoma,DEFENSE
1593,5,3 Star,2020,Oklahoma,OFFENSE
1594,1,3 Star,2020,Oklahoma,SPECIAL
1595,6,4 Star,2020,Oklahoma,DEFENSE
1596,9,4 Star,2020,Oklahoma,OFFENSE
1597,1,4 Star,2020,Oklahoma,SPECIAL
1598,2,3 Star,2021,Oklahoma,DEFENSE
1599,5,3 Star,2021,Oklahoma,OFFENSE
1600,8,4 Star,2021,Oklahoma,DEFENSE
1601,6,4 Star,2021,Oklahoma,OFFENSE
1602,1,4 Star,2021,Oklahoma,SPECIAL
1603,1,5 Star,2021,Oklahoma,OFFENSE
1604,9,3 Star,2022,Oklahoma,DEFENSE
1605,3,3 Star,2022,Oklahoma,OFFENSE
1606,2,3 Star,2022,Oklahoma,SPECIAL
1607,8,4 Star,2022,Oklahoma,DEFENSE
1608,10,4 Star,2022,Oklahoma,OFFENSE
1609,1,4 Star,2022,Oklahoma,SPECIAL
1610,2,2 Star,2019,Oklahoma St.,DEFENSE
1611,1,2 Star,2019,Oklahoma St.,OFFENSE
1612,12,3 Star,2019,Oklahoma St.,DEFENSE
1613,8,3 Star,2019,Oklahoma St.,OFFENSE
1614,2,3 Star,2019,Oklahoma St.,SPECIAL
1615,3,4 Star,2019,Oklahoma St.,OFFENSE
1616,12,3 Star,2020,Oklahoma St.,DEFENSE
1617,11,3 Star,2020,Oklahoma St.,OFFENSE
1618,2,3 Star,2020,Oklahoma St.,SPECIAL
1619,1,4 Star,2020,Oklahoma St.,DEFENSE
1620,2,4 Star,2020,Oklahoma St.,OFFENSE
1621,9,3 Star,2021,Oklahoma St.,DEFENSE
1622,12,3 Star,2021,Oklahoma St.,OFFENSE
1623,3,3 Star,2021,Oklahoma St.,SPECIAL
1624,2,4 Star,2021,Oklahoma St.,DEFENSE
1625,9,3 Star,2022,Oklahoma St.,DEFENSE
1626,8,3 Star,2022,Oklahoma St.,OFFENSE
1627,5,4 Star,2022,Oklahoma St.,OFFENSE
1628,1,4 Star,2022,Oklahoma St.,SPECIAL
1629,13,2 Star,2019,Old Dominion,DEFENSE
1630,8,2 Star,2019,Old Dominion,OFFENSE
1631,3,2 Star,2019,Old Dominion,SPECIAL
1632,7,3 Star,2019,Old Dominion,DEFENSE
1633,6,3 Star,2019,Old Dominion,OFFENSE
1634,1,4 Star,2019,Old Dominion,DEFENSE
1635,3,2 Star,2020,Old Dominion,OFFENSE
1636,1,2 Star,2020,Old Dominion,SPECIAL
1637,11,3 Star,2020,Old Dominion,DEFENSE
1638,6,3 Star,2020,Old Dominion,OFFENSE
1639,2,3 Star,2020,Old Dominion,SPECIAL
1640,1,4 Star,2020,Old Dominion,OFFENSE
1641,2,2 Star,2021,Old Dominion,DEFENSE
1642,1,2 Star,2021,Old Dominion,SPECIAL
1643,8,3 Star,2021,Old Dominion,DEFENSE
1644,14,3 Star,2021,Old Dominion,OFFENSE
1645,1,4 Star,2021,Old Dominion,OFFENSE
1646,5,3 Star,2022,Old Dominion,DEFENSE
1647,9,3 Star,2022,Old Dominion,OFFENSE
1648,1,3 Star,2022,Old Dominion,SPECIAL
1649,11,3 Star,2019,Ole Miss,DEFENSE
1650,12,3 Star,2019,Ole Miss,OFFENSE
1651,1,3 Star,2019,Ole Miss,SPECIAL
1652,2,4 Star,2019,Ole Miss,DEFENSE
1653,5,4 Star,2019,Ole Miss,OFFENSE
1654,1,5 Star,2019,Ole Miss,OFFENSE
1655,1,2 Star,2020,Ole Miss,DEFENSE
1656,8,3 Star,2020,Ole Miss,DEFENSE
1657,11,3 Star,2020,Ole Miss,OFFENSE
1658,2,4 Star,2020,Ole Miss,DEFENSE
1659,2,4 Star,2020,Ole Miss,OFFENSE
1660,1,4 Star,2020,Ole Miss,SPECIAL
1661,9,3 Star,2021,Ole Miss,DEFENSE
1662,9,3 Star,2021,Ole Miss,OFFENSE
1663,3,3 Star,2021,Ole Miss,SPECIAL
1664,5,4 Star,2021,Ole Miss,DEFENSE
1665,3,4 Star,2021,Ole Miss,OFFENSE
1666,5,3 Star,2022,Ole Miss,DEFENSE
1667,10,3 Star,2022,Ole Miss,OFFENSE
1668,1,3 Star,2022,Ole Miss,SPECIAL
1669,8,4 Star,2022,Ole Miss,DEFENSE
1670,7,4 Star,2022,Ole Miss,OFFENSE
1671,1,5 Star,2022,Ole Miss,OFFENSE
1672,1,2 Star,2019,Oregon,OFFENSE
1673,9,3 Star,2019,Oregon,DEFENSE
1674,4,3 Star,2019,Oregon,OFFENSE
1675,2,3 Star,2019,Oregon,SPECIAL
1676,4,4 Star,2019,Oregon,DEFENSE
1677,7,4 Star,2019,Oregon,OFFENSE
1678,1,5 Star,2019,Oregon,DEFENSE
1679,1,2 Star,2020,Oregon,DEFENSE
1680,8,3 Star,2020,Oregon,DEFENSE
1681,7,3 Star,2020,Oregon,OFFENSE
1682,2,4 Star,2020,Oregon,DEFENSE
1683,4,4 Star,2020,Oregon,OFFENSE
1684,1,4 Star,2020,Oregon,SPECIAL
1685,3,5 Star,2020,Oregon,DEFENSE
1686,4,3 Star,2021,Oregon,DEFENSE
1687,7,4 Star,2021,Oregon,DEFENSE
1688,13,4 Star,2021,Oregon,OFFENSE
1689,7,3 Star,2022,Oregon,DEFENSE
1690,5,3 Star,2022,Oregon,OFFENSE
1691,3,3 Star,2022,Oregon,SPECIAL
1692,6,4 Star,2022,Oregon,DEFENSE
1693,4,4 Star,2022,Oregon,OFFENSE
1694,1,5 Star,2022,Oregon,OFFENSE
1695,1,2 Star,2019,Oregon St.,DEFENSE
1696,1,2 Star,2019,Oregon St.,OFFENSE
1697,1,2 Star,2019,Oregon St.,SPECIAL
1698,17,3 Star,2019,Oregon St.,DEFENSE
1699,9,3 Star,2019,Oregon St.,OFFENSE
1700,3,3 Star,2019,Oregon St.,SPECIAL
1701,1,4 Star,2019,Oregon St.,DEFENSE
1702,1,2 Star,2020,Oregon St.,DEFENSE
1703,10,3 Star,2020,Oregon St.,DEFENSE
1704,12,3 Star,2020,Oregon St.,OFFENSE
1705,2,3 Star,2020,Oregon St.,SPECIAL
1706,1,2 Star,2021,Oregon St.,OFFENSE
1707,5,3 Star,2021,Oregon St.,DEFENSE
1708,10,3 Star,2021,Oregon St.,OFFENSE
1709,1,3 Star,2021,Oregon St.,SPECIAL
1710,1,4 Star,2021,Oregon St.,DEFENSE
1711,7,3 Star,2022,Oregon St.,DEFENSE
1712,9,3 Star,2022,Oregon St.,OFFENSE
1713,1,3 Star,2022,Oregon St.,SPECIAL
1714,1,2 Star,2019,Penn St.,DEFENSE
1715,4,3 Star,2019,Penn St.,DEFENSE
1716,2,3 Star,2019,Penn St.,OFFENSE
1717,9,4 Star,2019,Penn St.,DEFENSE
1718,9,4 Star,2019,Penn St.,OFFENSE
1719,1,5 Star,2019,Penn St.,DEFENSE
1720,7,3 Star,2020,Penn St.,DEFENSE
1721,9,3 Star,2020,Penn St.,OFFENSE
1722,5,4 Star,2020,Penn St.,DEFENSE
1723,6,4 Star,2020,Penn St.,OFFENSE
1724,8,3 Star,2021,Penn St.,DEFENSE
1725,7,3 Star,2021,Penn St.,OFFENSE
1726,1,3 Star,2021,Penn St.,SPECIAL
1727,4,4 Star,2021,Penn St.,DEFENSE
1728,2,4 Star,2021,Penn St.,OFFENSE
1729,3,3 Star,2022,Penn St.,DEFENSE
1730,6,3 Star,2022,Penn St.,OFFENSE
1731,1,3 Star,2022,Penn St.,SPECIAL
1732,7,4 Star,2022,Penn St.,DEFENSE
1733,7,4 Star,2022,Penn St.,OFFENSE
1734,1,4 Star,2022,Penn St.,SPECIAL
1735,1,5 Star,2022,Penn St.,DEFENSE
1736,2,5 Star,2022,Penn St.,OFFENSE
1737,1,2 Star,2019,Pittsburgh,DEFENSE
1738,10,3 Star,2019,Pittsburgh,DEFENSE
1739,10,3 Star,2019,Pittsburgh,OFFENSE
1740,2,3 Star,2019,Pittsburgh,SPECIAL
1741,2,2 Star,2020,Pittsburgh,SPECIAL
1742,10,3 Star,2020,Pittsburgh,DEFENSE
1743,8,3 Star,2020,Pittsburgh,OFFENSE
1744,1,4 Star,2020,Pittsburgh,DEFENSE
1745,1,4 Star,2020,Pittsburgh,SPECIAL
1746,9,3 Star,2021,Pittsburgh,DEFENSE
1747,12,3 Star,2021,Pittsburgh,OFFENSE
1748,2,3 Star,2021,Pittsburgh,SPECIAL
1749,3,4 Star,2021,Pittsburgh,DEFENSE
1750,6,3 Star,2022,Pittsburgh,DEFENSE
1751,7,3 Star,2022,Pittsburgh,OFFENSE
1752,2,3 Star,2022,Pittsburgh,SPECIAL
1753,2,4 Star,2022,Pittsburgh,OFFENSE
1754,1,2 Star,2019,Purdue,OFFENSE
1755,9,3 Star,2019,Purdue,DEFENSE
1756,10,3 Star,2019,Purdue,OFFENSE
1757,3,3 Star,2019,Purdue,SPECIAL
1758,2,4 Star,2019,Purdue,DEFENSE
1759,2,4 Star,2019,Purdue,OFFENSE
1760,2,2 Star,2020,Purdue,DEFENSE
1761,1,2 Star,2020,Purdue,OFFENSE
1762,11,3 Star,2020,Purdue,DEFENSE
1763,6,3 Star,2020,Purdue,OFFENSE
1764,1,3 Star,2020,Purdue,SPECIAL
1765,5,4 Star,2020,Purdue,OFFENSE
1766,1,2 Star,2021,Purdue,OFFENSE
1767,9,3 Star,2021,Purdue,DEFENSE
1768,9,3 Star,2021,Purdue,OFFENSE
1769,1,3 Star,2021,Purdue,SPECIAL
1770,1,4 Star,2021,Purdue,DEFENSE
1771,1,4 Star,2021,Purdue,OFFENSE
1772,1,2 Star,2022,Purdue,DEFENSE
1773,7,3 Star,2022,Purdue,DEFENSE
1774,13,3 Star,2022,Purdue,OFFENSE
1775,2,3 Star,2022,Purdue,SPECIAL
1776,2,4 Star,2022,Purdue,DEFENSE
1777,2,4 Star,2022,Purdue,OFFENSE
1778,9,2 Star,2019,Rice,DEFENSE
1779,7,2 Star,2019,Rice,OFFENSE
1780,2,2 Star,2019,Rice,SPECIAL
1781,4,3 Star,2019,Rice,DEFENSE
1782,8,3 Star,2019,Rice,OFFENSE
1783,1,3 Star,2019,Rice,SPECIAL
1784,1,2 Star,2020,Rice,DEFENSE
1785,1,2 Star,2020,Rice,OFFENSE
1786,8,3 Star,2020,Rice,DEFENSE
1787,8,3 Star,2020,Rice,OFFENSE
1788,5,3 Star,2020,Rice,SPECIAL
1789,2,2 Star,2021,Rice,DEFENSE
1790,9,3 Star,2021,Rice,DEFENSE
1791,10,3 Star,2021,Rice,OFFENSE
1792,1,3 Star,2021,Rice,SPECIAL
1793,1,2 Star,2022,Rice,OFFENSE
1794,6,3 Star,2022,Rice,DEFENSE
1795,6,3 Star,2022,Rice,OFFENSE
1796,1,3 Star,2022,Rice,SPECIAL
1797,10,3 Star,2019,Rutgers,DEFENSE
1798,14,3 Star,2019,Rutgers,OFFENSE
1799,1,3 Star,2019,Rutgers,SPECIAL
1800,1,4 Star,2019,Rutgers,DEFENSE
1801,1,2 Star,2020,Rutgers,OFFENSE
1802,15,3 Star,2020,Rutgers,DEFENSE
1803,12,3 Star,2020,Rutgers,OFFENSE
1804,4,3 Star,2020,Rutgers,SPECIAL
1805,1,2 Star,2021,Rutgers,DEFENSE
1806,1,2 Star,2021,Rutgers,SPECIAL
1807,10,3 Star,2021,Rutgers,DEFENSE
1808,9,3 Star,2021,Rutgers,OFFENSE
1809,3,3 Star,2021,Rutgers,SPECIAL
1810,2,4 Star,2021,Rutgers,DEFENSE
1811,1,4 Star,2021,Rutgers,OFFENSE
1812,6,3 Star,2022,Rutgers,DEFENSE
1813,13,3 Star,2022,Rutgers,OFFENSE
1814,2,4 Star,2022,Rutgers,DEFENSE
1815,4,4 Star,2022,Rutgers,OFFENSE
1816,3,2 Star,2019,SMU,DEFENSE
1817,2,2 Star,2019,SMU,OFFENSE
1818,10,3 Star,2019,SMU,DEFENSE
1819,14,3 Star,2019,SMU,OFFENSE
1820,2,3 Star,2019,SMU,SPECIAL
1821,2,4 Star,2019,SMU,DEFENSE
1822,1,4 Star,2019,SMU,OFFENSE
1823,1,2 Star,2020,SMU,DEFENSE
1824,10,3 Star,2020,SMU,DEFENSE
1825,10,3 Star,2020,SMU,OFFENSE
1826,1,4 Star,2020,SMU,OFFENSE
1827,11,3 Star,2021,SMU,DEFENSE
1828,12,3 Star,2021,SMU,OFFENSE
1829,1,3 Star,2021,SMU,SPECIAL
1830,2,4 Star,2021,SMU,DEFENSE
1831,2,4 Star,2021,SMU,OFFENSE
1832,9,3 Star,2022,SMU,DEFENSE
1833,10,3 Star,2022,SMU,OFFENSE
1834,2,4 Star,2022,SMU,OFFENSE
1840,4,2 Star,2019,San Diego St.,DEFENSE
1841,2,2 Star,2019,San Diego St.,OFFENSE
1842,1,2 Star,2019,San Diego St.,SPECIAL
1843,8,3 Star,2019,San Diego St.,DEFENSE
1844,11,3 Star,2019,San Diego St.,OFFENSE
1845,1,3 Star,2019,San Diego St.,SPECIAL
1846,1,2 Star,2020,San Diego St.,DEFENSE
1847,2,2 Star,2020,San Diego St.,OFFENSE
1848,8,3 Star,2020,San Diego St.,DEFENSE
1849,9,3 Star,2020,San Diego St.,OFFENSE
1850,1,3 Star,2020,San Diego St.,SPECIAL
1851,1,2 Star,2021,San Diego St.,SPECIAL
1852,12,3 Star,2021,San Diego St.,DEFENSE
1853,12,3 Star,2021,San Diego St.,OFFENSE
1854,2,4 Star,2021,San Diego St.,OFFENSE
1855,6,3 Star,2022,San Diego St.,DEFENSE
1856,12,3 Star,2022,San Diego St.,OFFENSE
1857,2,3 Star,2022,San Diego St.,SPECIAL
1858,4,2 Star,2019,San Jose St.,DEFENSE
1859,5,2 Star,2019,San Jose St.,OFFENSE
1860,4,3 Star,2019,San Jose St.,DEFENSE
1861,7,3 Star,2019,San Jose St.,OFFENSE
1862,2,3 Star,2019,San Jose St.,SPECIAL
1863,1,4 Star,2019,San Jose St.,DEFENSE
1864,5,2 Star,2020,San Jose St.,DEFENSE
1865,1,2 Star,2020,San Jose St.,OFFENSE
1866,9,3 Star,2020,San Jose St.,DEFENSE
1867,4,3 Star,2020,San Jose St.,OFFENSE
1868,2,3 Star,2020,San Jose St.,SPECIAL
1869,1,2 Star,2021,San Jose St.,DEFENSE
1870,3,2 Star,2021,San Jose St.,OFFENSE
1871,4,3 Star,2021,San Jose St.,DEFENSE
1872,8,3 Star,2021,San Jose St.,OFFENSE
1873,2,3 Star,2021,San Jose St.,SPECIAL
1874,1,4 Star,2021,San Jose St.,OFFENSE
1875,1,2 Star,2022,San Jose St.,DEFENSE
1876,1,2 Star,2022,San Jose St.,OFFENSE
1877,7,3 Star,2022,San Jose St.,DEFENSE
1878,11,3 Star,2022,San Jose St.,OFFENSE
1879,2,3 Star,2022,San Jose St.,SPECIAL
1880,7,2 Star,2019,South Alabama,DEFENSE
1881,12,2 Star,2019,South Alabama,OFFENSE
1882,4,2 Star,2019,South Alabama,SPECIAL
1883,3,3 Star,2019,South Alabama,DEFENSE
1884,4,3 Star,2019,South Alabama,OFFENSE
1885,1,3 Star,2019,South Alabama,SPECIAL
1886,1,2 Star,2020,South Alabama,DEFENSE
1887,1,2 Star,2020,South Alabama,OFFENSE
1888,11,3 Star,2020,South Alabama,DEFENSE
1889,11,3 Star,2020,South Alabama,OFFENSE
1890,3,3 Star,2020,South Alabama,SPECIAL
1891,2,2 Star,2021,South Alabama,OFFENSE
1892,9,3 Star,2021,South Alabama,DEFENSE
1893,9,3 Star,2021,South Alabama,OFFENSE
1894,2,3 Star,2021,South Alabama,SPECIAL
1895,1,4 Star,2021,South Alabama,DEFENSE
1896,1,2 Star,2022,South Alabama,OFFENSE
1897,11,3 Star,2022,South Alabama,DEFENSE
1898,10,3 Star,2022,South Alabama,OFFENSE
1899,1,2 Star,2019,South Carolina,SPECIAL
1900,8,3 Star,2019,South Carolina,DEFENSE
1901,9,3 Star,2019,South Carolina,OFFENSE
1902,1,3 Star,2019,South Carolina,SPECIAL
1903,2,4 Star,2019,South Carolina,DEFENSE
1904,2,4 Star,2019,South Carolina,OFFENSE
1905,1,4 Star,2019,South Carolina,SPECIAL
1906,1,5 Star,2019,South Carolina,DEFENSE
1907,2,2 Star,2020,South Carolina,DEFENSE
1908,6,3 Star,2020,South Carolina,DEFENSE
1909,9,3 Star,2020,South Carolina,OFFENSE
1910,3,3 Star,2020,South Carolina,SPECIAL
1911,3,4 Star,2020,South Carolina,DEFENSE
1912,5,4 Star,2020,South Carolina,OFFENSE
1913,1,4 Star,2020,South Carolina,SPECIAL
1914,1,5 Star,2020,South Carolina,DEFENSE
1915,11,3 Star,2021,South Carolina,DEFENSE
1916,10,3 Star,2021,South Carolina,OFFENSE
1917,1,4 Star,2021,South Carolina,DEFENSE
1918,12,3 Star,2022,South Carolina,DEFENSE
1919,10,3 Star,2022,South Carolina,OFFENSE
1920,1,3 Star,2022,South Carolina,SPECIAL
1921,3,4 Star,2022,South Carolina,DEFENSE
1922,5,4 Star,2022,South Carolina,OFFENSE
1923,1,2 Star,2019,Southern Miss.,DEFENSE
1924,2,2 Star,2019,Southern Miss.,OFFENSE
1925,5,2 Star,2019,Southern Miss.,SPECIAL
1926,4,3 Star,2019,Southern Miss.,DEFENSE
1927,16,3 Star,2019,Southern Miss.,OFFENSE
1928,2,3 Star,2019,Southern Miss.,SPECIAL
1929,15,3 Star,2020,Southern Miss.,DEFENSE
1930,12,3 Star,2020,Southern Miss.,OFFENSE
1931,1,3 Star,2020,Southern Miss.,SPECIAL
1932,1,2 Star,2021,Southern Miss.,OFFENSE
1933,8,3 Star,2021,Southern Miss.,DEFENSE
1934,7,3 Star,2021,Southern Miss.,OFFENSE
1935,2,3 Star,2021,Southern Miss.,SPECIAL
1936,15,3 Star,2022,Southern Miss.,DEFENSE
1937,13,3 Star,2022,Southern Miss.,OFFENSE
1938,1,2 Star,2019,Stanford,DEFENSE
1939,1,2 Star,2019,Stanford,OFFENSE
1940,6,3 Star,2019,Stanford,DEFENSE
1941,6,3 Star,2019,Stanford,OFFENSE
1942,2,3 Star,2019,Stanford,SPECIAL
1943,4,4 Star,2019,Stanford,DEFENSE
1944,4,4 Star,2019,Stanford,OFFENSE
1945,1,2 Star,2020,Stanford,DEFENSE
1946,1,2 Star,2020,Stanford,OFFENSE
1947,1,2 Star,2020,Stanford,SPECIAL
1948,8,3 Star,2020,Stanford,DEFENSE
1949,8,3 Star,2020,Stanford,OFFENSE
1950,3,3 Star,2020,Stanford,SPECIAL
1951,1,4 Star,2020,Stanford,DEFENSE
1952,5,4 Star,2020,Stanford,OFFENSE
1953,7,3 Star,2021,Stanford,DEFENSE
1954,8,3 Star,2021,Stanford,OFFENSE
1955,1,3 Star,2021,Stanford,SPECIAL
1956,3,4 Star,2021,Stanford,DEFENSE
1957,7,3 Star,2022,Stanford,DEFENSE
1958,7,3 Star,2022,Stanford,OFFENSE
1959,1,3 Star,2022,Stanford,SPECIAL
1960,4,4 Star,2022,Stanford,DEFENSE
1961,4,4 Star,2022,Stanford,OFFENSE
1962,12,3 Star,2019,Syracuse,DEFENSE
1963,8,3 Star,2019,Syracuse,OFFENSE
1964,1,3 Star,2019,Syracuse,SPECIAL
1965,1,2 Star,2020,Syracuse,DEFENSE
1966,2,2 Star,2020,Syracuse,OFFENSE
1967,10,3 Star,2020,Syracuse,DEFENSE
1968,10,3 Star,2020,Syracuse,OFFENSE
1969,4,3 Star,2020,Syracuse,SPECIAL
1970,9,3 Star,2021,Syracuse,DEFENSE
1971,14,3 Star,2021,Syracuse,OFFENSE
1972,12,3 Star,2022,Syracuse,DEFENSE
1973,6,3 Star,2022,Syracuse,OFFENSE
1974,2,3 Star,2022,Syracuse,SPECIAL
1975,1,4 Star,2022,Syracuse,OFFENSE
1976,1,2 Star,2019,TCU,OFFENSE
1977,15,3 Star,2019,TCU,DEFENSE
1978,7,3 Star,2019,TCU,OFFENSE
1979,3,3 Star,2019,TCU,SPECIAL
1980,2,4 Star,2019,TCU,DEFENSE
1981,3,4 Star,2019,TCU,OFFENSE
1982,3,3 Star,2020,TCU,DEFENSE
1983,12,3 Star,2020,TCU,OFFENSE
1984,1,3 Star,2020,TCU,SPECIAL
1985,4,4 Star,2020,TCU,DEFENSE
1986,3,4 Star,2020,TCU,OFFENSE
1987,1,5 Star,2020,TCU,DEFENSE
1988,1,5 Star,2020,TCU,OFFENSE
1989,7,3 Star,2021,TCU,DEFENSE
1990,9,3 Star,2021,TCU,OFFENSE
1991,1,4 Star,2021,TCU,DEFENSE
1992,3,4 Star,2021,TCU,OFFENSE
1993,14,3 Star,2022,TCU,DEFENSE
1994,6,3 Star,2022,TCU,OFFENSE
1995,1,4 Star,2022,TCU,DEFENSE
1996,5,4 Star,2022,TCU,OFFENSE
1997,1,2 Star,2019,Temple,DEFENSE
1998,1,2 Star,2019,Temple,OFFENSE
1999,6,3 Star,2019,Temple,DEFENSE
2000,10,3 Star,2019,Temple,OFFENSE
2001,3,3 Star,2019,Temple,SPECIAL
2002,1,2 Star,2020,Temple,OFFENSE
2003,13,3 Star,2020,Temple,DEFENSE
2004,10,3 Star,2020,Temple,OFFENSE
2005,2,3 Star,2020,Temple,SPECIAL
2006,1,2 Star,2021,Temple,DEFENSE
2007,10,3 Star,2021,Temple,DEFENSE
2008,10,3 Star,2021,Temple,OFFENSE
2009,1,3 Star,2021,Temple,SPECIAL
2010,2,2 Star,2022,Temple,OFFENSE
2011,9,3 Star,2022,Temple,DEFENSE
2012,6,3 Star,2022,Temple,OFFENSE
2013,1,3 Star,2022,Temple,SPECIAL
2014,1,2 Star,2019,Tennessee,OFFENSE
2015,6,3 Star,2019,Tennessee,DEFENSE
2016,7,3 Star,2019,Tennessee,OFFENSE
2017,1,3 Star,2019,Tennessee,SPECIAL
2018,6,4 Star,2019,Tennessee,DEFENSE
2019,4,4 Star,2019,Tennessee,OFFENSE
2020,1,4 Star,2019,Tennessee,SPECIAL
2021,2,5 Star,2019,Tennessee,OFFENSE
2022,1,2 Star,2020,Tennessee,OFFENSE
2023,2,2 Star,2020,Tennessee,SPECIAL
2024,3,3 Star,2020,Tennessee,DEFENSE
2025,5,3 Star,2020,Tennessee,OFFENSE
2026,2,3 Star,2020,Tennessee,SPECIAL
2027,8,4 Star,2020,Tennessee,DEFENSE
2028,6,4 Star,2020,Tennessee,OFFENSE
2029,8,3 Star,2021,Tennessee,DEFENSE
2030,9,3 Star,2021,Tennessee,OFFENSE
2031,3,3 Star,2021,Tennessee,SPECIAL
2032,2,4 Star,2021,Tennessee,DEFENSE
2033,4,4 Star,2021,Tennessee,OFFENSE
2034,1,4 Star,2021,Tennessee,SPECIAL
2035,10,3 Star,2022,Tennessee,DEFENSE
2036,10,3 Star,2022,Tennessee,OFFENSE
2037,3,4 Star,2022,Tennessee,DEFENSE
2038,5,4 Star,2022,Tennessee,OFFENSE
2039,3,2 Star,2019,Texas,DEFENSE
2040,1,2 Star,2019,Texas,OFFENSE
2041,7,3 Star,2019,Texas,DEFENSE
2042,4,3 Star,2019,Texas,OFFENSE
2043,7,4 Star,2019,Texas,DEFENSE
2044,9,4 Star,2019,Texas,OFFENSE
2045,1,4 Star,2019,Texas,SPECIAL
2046,1,5 Star,2019,Texas,SPECIAL
2047,2,3 Star,2020,Texas,DEFENSE
2048,2,3 Star,2020,Texas,OFFENSE
2049,1,3 Star,2020,Texas,SPECIAL
2050,8,4 Star,2020,Texas,DEFENSE
2051,8,4 Star,2020,Texas,OFFENSE
2052,1,4 Star,2020,Texas,SPECIAL
2053,1,5 Star,2020,Texas,OFFENSE
2054,8,3 Star,2021,Texas,DEFENSE
2055,9,3 Star,2021,Texas,OFFENSE
2056,2,3 Star,2021,Texas,SPECIAL
2057,8,4 Star,2021,Texas,DEFENSE
2058,3,4 Star,2021,Texas,OFFENSE
2059,1,5 Star,2021,Texas,SPECIAL
2060,1,2 Star,2022,Texas,SPECIAL
2061,2,3 Star,2022,Texas,DEFENSE
2062,1,3 Star,2022,Texas,OFFENSE
2063,3,3 Star,2022,Texas,SPECIAL
2064,13,4 Star,2022,Texas,DEFENSE
2065,10,4 Star,2022,Texas,OFFENSE
2066,3,5 Star,2022,Texas,OFFENSE
2067,4,3 Star,2019,Texas A&M,DEFENSE
2068,5,3 Star,2019,Texas A&M,OFFENSE
2069,2,3 Star,2019,Texas A&M,SPECIAL
2070,9,4 Star,2019,Texas A&M,DEFENSE
2071,5,4 Star,2019,Texas A&M,OFFENSE
2072,1,5 Star,2019,Texas A&M,DEFENSE
2073,1,5 Star,2019,Texas A&M,OFFENSE
2074,3,3 Star,2020,Texas A&M,DEFENSE
2075,9,3 Star,2020,Texas A&M,OFFENSE
2076,8,4 Star,2020,Texas A&M,DEFENSE
2077,5,4 Star,2020,Texas A&M,OFFENSE
2078,1,5 Star,2020,Texas A&M,DEFENSE
2079,1,5 Star,2020,Texas A&M,OFFENSE
2080,2,3 Star,2021,Texas A&M,DEFENSE
2081,6,3 Star,2021,Texas A&M,OFFENSE
2082,7,4 Star,2021,Texas A&M,DEFENSE
2083,7,4 Star,2021,Texas A&M,OFFENSE
2084,1,4 Star,2021,Texas A&M,SPECIAL
2085,1,5 Star,2021,Texas A&M,DEFENSE
2086,2,3 Star,2022,Texas A&M,DEFENSE
2087,1,3 Star,2022,Texas A&M,OFFENSE
2088,1,3 Star,2022,Texas A&M,SPECIAL
2089,11,4 Star,2022,Texas A&M,DEFENSE
2090,9,4 Star,2022,Texas A&M,OFFENSE
2091,5,5 Star,2022,Texas A&M,DEFENSE
2092,3,5 Star,2022,Texas A&M,OFFENSE
2093,5,2 Star,2019,Texas St.,DEFENSE
2094,5,2 Star,2019,Texas St.,OFFENSE
2095,1,2 Star,2019,Texas St.,SPECIAL
2096,2,3 Star,2019,Texas St.,DEFENSE
2097,3,3 Star,2019,Texas St.,OFFENSE
2098,3,3 Star,2019,Texas St.,SPECIAL
2099,4,2 Star,2020,Texas St.,DEFENSE
2100,1,2 Star,2020,Texas St.,OFFENSE
2101,7,3 Star,2020,Texas St.,DEFENSE
2102,13,3 Star,2020,Texas St.,OFFENSE
2103,1,4 Star,2020,Texas St.,OFFENSE
2104,1,2 Star,2021,Texas St.,DEFENSE
2105,3,2 Star,2021,Texas St.,OFFENSE
2106,12,3 Star,2021,Texas St.,DEFENSE
2107,5,3 Star,2021,Texas St.,OFFENSE
2108,3,2 Star,2022,Texas St.,DEFENSE
2109,1,2 Star,2022,Texas St.,OFFENSE
2110,2,3 Star,2022,Texas St.,DEFENSE
2111,7,3 Star,2022,Texas St.,OFFENSE
2112,2,2 Star,2019,Texas Tech,DEFENSE
2113,1,2 Star,2019,Texas Tech,OFFENSE
2114,2,2 Star,2019,Texas Tech,SPECIAL
2115,9,3 Star,2019,Texas Tech,DEFENSE
2116,13,3 Star,2019,Texas Tech,OFFENSE
2117,2,3 Star,2019,Texas Tech,SPECIAL
2118,1,4 Star,2019,Texas Tech,DEFENSE
2119,15,3 Star,2020,Texas Tech,DEFENSE
2120,10,3 Star,2020,Texas Tech,OFFENSE
2121,2,3 Star,2020,Texas Tech,SPECIAL
2122,1,4 Star,2020,Texas Tech,DEFENSE
2123,2,4 Star,2020,Texas Tech,OFFENSE
2124,1,2 Star,2021,Texas Tech,OFFENSE
2125,11,3 Star,2021,Texas Tech,DEFENSE
2126,11,3 Star,2021,Texas Tech,OFFENSE
2127,1,4 Star,2021,Texas Tech,OFFENSE
2128,14,3 Star,2022,Texas Tech,DEFENSE
2129,13,3 Star,2022,Texas Tech,OFFENSE
2130,2,3 Star,2022,Texas Tech,SPECIAL
2131,1,4 Star,2022,Texas Tech,OFFENSE
2132,1,4 Star,2022,Texas Tech,SPECIAL
2133,1,2 Star,2019,Toledo,DEFENSE
2134,1,2 Star,2019,Toledo,OFFENSE
2135,1,2 Star,2019,Toledo,SPECIAL
2136,12,3 Star,2019,Toledo,DEFENSE
2137,9,3 Star,2019,Toledo,OFFENSE
2138,2,3 Star,2019,Toledo,SPECIAL
2139,1,2 Star,2020,Toledo,DEFENSE
2140,10,3 Star,2020,Toledo,DEFENSE
2141,10,3 Star,2020,Toledo,OFFENSE
2142,1,3 Star,2020,Toledo,SPECIAL
2143,2,2 Star,2021,Toledo,OFFENSE
2144,1,2 Star,2021,Toledo,SPECIAL
2145,13,3 Star,2021,Toledo,DEFENSE
2146,11,3 Star,2021,Toledo,OFFENSE
2147,1,3 Star,2021,Toledo,SPECIAL
2148,1,2 Star,2022,Toledo,DEFENSE
2149,8,3 Star,2022,Toledo,DEFENSE
2150,6,3 Star,2022,Toledo,OFFENSE
2151,4,3 Star,2022,Toledo,SPECIAL
2152,2,2 Star,2019,Troy,DEFENSE
2153,4,2 Star,2019,Troy,OFFENSE
2154,1,2 Star,2019,Troy,SPECIAL
2155,8,3 Star,2019,Troy,DEFENSE
2156,9,3 Star,2019,Troy,OFFENSE
2157,2,3 Star,2019,Troy,SPECIAL
2158,1,4 Star,2019,Troy,DEFENSE
2159,5,2 Star,2020,Troy,DEFENSE
2160,2,2 Star,2020,Troy,OFFENSE
2161,9,3 Star,2020,Troy,DEFENSE
2162,12,3 Star,2020,Troy,OFFENSE
2163,1,3 Star,2020,Troy,SPECIAL
2164,1,2 Star,2021,Troy,DEFENSE
2165,2,2 Star,2021,Troy,SPECIAL
2166,7,3 Star,2021,Troy,DEFENSE
2167,12,3 Star,2021,Troy,OFFENSE
2168,1,4 Star,2021,Troy,DEFENSE
2169,2,2 Star,2022,Troy,DEFENSE
2170,5,3 Star,2022,Troy,OFFENSE
2171,1,3 Star,2022,Troy,SPECIAL
2172,3,2 Star,2019,Tulane,DEFENSE
2173,2,2 Star,2019,Tulane,OFFENSE
2174,8,3 Star,2019,Tulane,DEFENSE
2175,7,3 Star,2019,Tulane,OFFENSE
2176,2,3 Star,2019,Tulane,SPECIAL
2177,1,4 Star,2019,Tulane,OFFENSE
2178,2,2 Star,2020,Tulane,DEFENSE
2179,9,3 Star,2020,Tulane,DEFENSE
2180,11,3 Star,2020,Tulane,OFFENSE
2181,2,3 Star,2020,Tulane,SPECIAL
2182,1,4 Star,2020,Tulane,DEFENSE
2183,1,2 Star,2021,Tulane,OFFENSE
2184,9,3 Star,2021,Tulane,DEFENSE
2185,9,3 Star,2021,Tulane,OFFENSE
2186,2,3 Star,2021,Tulane,SPECIAL
2187,11,3 Star,2022,Tulane,DEFENSE
2188,11,3 Star,2022,Tulane,OFFENSE
2189,1,3 Star,2022,Tulane,SPECIAL
2190,1,4 Star,2022,Tulane,DEFENSE
2191,6,2 Star,2019,Tulsa,DEFENSE
2192,4,2 Star,2019,Tulsa,OFFENSE
2193,1,2 Star,2019,Tulsa,SPECIAL
2194,7,3 Star,2019,Tulsa,DEFENSE
2195,6,3 Star,2019,Tulsa,OFFENSE
2196,2,2 Star,2020,Tulsa,DEFENSE
2197,1,2 Star,2020,Tulsa,SPECIAL
2198,8,3 Star,2020,Tulsa,DEFENSE
2199,10,3 Star,2020,Tulsa,OFFENSE
2200,2,3 Star,2020,Tulsa,SPECIAL
2201,1,2 Star,2021,Tulsa,DEFENSE
2202,1,2 Star,2021,Tulsa,OFFENSE
2203,4,3 Star,2021,Tulsa,DEFENSE
2204,10,3 Star,2021,Tulsa,OFFENSE
2205,1,2 Star,2022,Tulsa,DEFENSE
2206,2,2 Star,2022,Tulsa,OFFENSE
2207,3,3 Star,2022,Tulsa,DEFENSE
2208,6,3 Star,2022,Tulsa,OFFENSE
2209,1,2 Star,2019,UAB,DEFENSE
2210,6,2 Star,2019,UAB,OFFENSE
2211,1,2 Star,2019,UAB,SPECIAL
2212,13,3 Star,2019,UAB,DEFENSE
2213,7,3 Star,2019,UAB,OFFENSE
2214,3,2 Star,2020,UAB,DEFENSE
2215,8,3 Star,2020,UAB,DEFENSE
2216,9,3 Star,2020,UAB,OFFENSE
2217,1,3 Star,2020,UAB,SPECIAL
2218,2,2 Star,2021,UAB,OFFENSE
2219,9,3 Star,2021,UAB,DEFENSE
2220,10,3 Star,2021,UAB,OFFENSE
2221,1,2 Star,2022,UAB,DEFENSE
2222,1,2 Star,2022,UAB,OFFENSE
2223,6,3 Star,2022,UAB,DEFENSE
2224,10,3 Star,2022,UAB,OFFENSE
2225,1,3 Star,2022,UAB,SPECIAL
2226,2,2 Star,2019,UCF,SPECIAL
2227,19,3 Star,2019,UCF,DEFENSE
2228,9,3 Star,2019,UCF,OFFENSE
2229,3,3 Star,2019,UCF,SPECIAL
2230,11,3 Star,2020,UCF,DEFENSE
2231,10,3 Star,2020,UCF,OFFENSE
2232,2,4 Star,2020,UCF,DEFENSE
2233,14,3 Star,2021,UCF,DEFENSE
2234,14,3 Star,2021,UCF,OFFENSE
2235,1,4 Star,2021,UCF,DEFENSE
2236,1,4 Star,2021,UCF,OFFENSE
2237,1,4 Star,2021,UCF,SPECIAL
2238,1,2 Star,2022,UCF,DEFENSE
2239,8,3 Star,2022,UCF,DEFENSE
2240,7,3 Star,2022,UCF,OFFENSE
2241,2,3 Star,2022,UCF,SPECIAL
2242,3,4 Star,2022,UCF,DEFENSE
2243,4,4 Star,2022,UCF,OFFENSE
2244,4,2 Star,2019,UCLA,DEFENSE
2245,3,2 Star,2019,UCLA,OFFENSE
2246,2,2 Star,2019,UCLA,SPECIAL
2247,8,3 Star,2019,UCLA,DEFENSE
2248,13,3 Star,2019,UCLA,OFFENSE
2249,1,3 Star,2019,UCLA,SPECIAL
2250,3,4 Star,2019,UCLA,OFFENSE
2251,14,3 Star,2020,UCLA,DEFENSE
2252,8,3 Star,2020,UCLA,OFFENSE
2253,1,3 Star,2020,UCLA,SPECIAL
2254,2,4 Star,2020,UCLA,DEFENSE
2255,2,4 Star,2020,UCLA,OFFENSE
2256,9,3 Star,2021,UCLA,DEFENSE
2257,11,3 Star,2021,UCLA,OFFENSE
2258,1,3 Star,2021,UCLA,SPECIAL
2259,3,4 Star,2021,UCLA,DEFENSE
2260,1,4 Star,2021,UCLA,OFFENSE
2261,1,4 Star,2021,UCLA,SPECIAL
2262,6,3 Star,2022,UCLA,DEFENSE
2263,4,3 Star,2022,UCLA,OFFENSE
2264,5,4 Star,2022,UCLA,DEFENSE
2265,7,4 Star,2022,UCLA,OFFENSE
2266,1,4 Star,2022,UCLA,SPECIAL
2267,4,2 Star,2019,UNLV,DEFENSE
2268,4,2 Star,2019,UNLV,OFFENSE
2269,1,2 Star,2019,UNLV,SPECIAL
2270,9,3 Star,2019,UNLV,DEFENSE
2271,5,3 Star,2019,UNLV,OFFENSE
2272,1,2 Star,2020,UNLV,DEFENSE
2273,1,2 Star,2020,UNLV,OFFENSE
2274,3,2 Star,2020,UNLV,SPECIAL
2275,12,3 Star,2020,UNLV,DEFENSE
2276,11,3 Star,2020,UNLV,OFFENSE
2277,1,3 Star,2020,UNLV,SPECIAL
2278,1,4 Star,2020,UNLV,OFFENSE
2279,1,2 Star,2021,UNLV,OFFENSE
2280,11,3 Star,2021,UNLV,DEFENSE
2281,11,3 Star,2021,UNLV,OFFENSE
2282,1,3 Star,2021,UNLV,SPECIAL
2283,1,4 Star,2021,UNLV,DEFENSE
2284,1,4 Star,2021,UNLV,OFFENSE
2285,1,2 Star,2022,UNLV,DEFENSE
2286,6,3 Star,2022,UNLV,DEFENSE
2287,8,3 Star,2022,UNLV,OFFENSE
2288,1,3 Star,2022,UNLV,SPECIAL
2289,13,3 Star,2019,Southern California,DEFENSE
2290,8,3 Star,2019,Southern California,OFFENSE
2291,5,4 Star,2019,Southern California,DEFENSE
2292,4,4 Star,2019,Southern California,OFFENSE
2293,1,5 Star,2019,Southern California,OFFENSE
2294,4,3 Star,2020,Southern California,DEFENSE
2295,7,3 Star,2020,Southern California,OFFENSE
2296,1,3 Star,2020,Southern California,SPECIAL
2297,2,4 Star,2020,Southern California,OFFENSE
2298,4,3 Star,2021,Southern California,DEFENSE
2299,11,3 Star,2021,Southern California,OFFENSE
2300,6,4 Star,2021,Southern California,DEFENSE
2301,6,4 Star,2021,Southern California,OFFENSE
2302,3,4 Star,2021,Southern California,SPECIAL
2303,1,5 Star,2021,Southern California,DEFENSE
2304,6,3 Star,2022,Southern California,DEFENSE
2305,2,3 Star,2022,Southern California,OFFENSE
2306,1,3 Star,2022,Southern California,SPECIAL
2307,6,4 Star,2022,Southern California,DEFENSE
2308,6,4 Star,2022,Southern California,OFFENSE
2309,1,5 Star,2022,Southern California,DEFENSE
2310,1,5 Star,2022,Southern California,OFFENSE
2311,13,3 Star,2019,South Fla.,DEFENSE
2312,12,3 Star,2019,South Fla.,OFFENSE
2313,2,2 Star,2020,South Fla.,OFFENSE
2314,10,3 Star,2020,South Fla.,DEFENSE
2315,11,3 Star,2020,South Fla.,OFFENSE
2316,1,2 Star,2021,South Fla.,DEFENSE
2317,11,3 Star,2021,South Fla.,DEFENSE
2318,13,3 Star,2021,South Fla.,OFFENSE
2319,3,3 Star,2021,South Fla.,SPECIAL
2320,1,4 Star,2021,South Fla.,DEFENSE
2321,1,4 Star,2021,South Fla.,OFFENSE
2322,1,2 Star,2022,South Fla.,DEFENSE
2323,13,3 Star,2022,South Fla.,DEFENSE
2324,12,3 Star,2022,South Fla.,OFFENSE
2325,13,2 Star,2019,UTEP,DEFENSE
2326,11,2 Star,2019,UTEP,OFFENSE
2327,2,2 Star,2019,UTEP,SPECIAL
2328,5,3 Star,2019,UTEP,DEFENSE
2329,3,3 Star,2019,UTEP,OFFENSE
2330,1,3 Star,2019,UTEP,SPECIAL
2331,1,4 Star,2019,UTEP,DEFENSE
2332,13,2 Star,2020,UTEP,DEFENSE
2333,7,2 Star,2020,UTEP,OFFENSE
2334,2,2 Star,2020,UTEP,SPECIAL
2335,4,3 Star,2020,UTEP,DEFENSE
2336,3,3 Star,2020,UTEP,OFFENSE
2337,2,2 Star,2021,UTEP,DEFENSE
2338,2,2 Star,2021,UTEP,OFFENSE
2339,3,3 Star,2021,UTEP,DEFENSE
2340,2,3 Star,2021,UTEP,OFFENSE
2341,1,2 Star,2022,UTEP,DEFENSE
2342,1,2 Star,2022,UTEP,OFFENSE
2343,1,2 Star,2022,UTEP,SPECIAL
2344,1,3 Star,2022,UTEP,DEFENSE
2345,5,3 Star,2022,UTEP,OFFENSE
2346,3,2 Star,2019,UTSA,DEFENSE
2347,5,2 Star,2019,UTSA,OFFENSE
2348,1,2 Star,2019,UTSA,SPECIAL
2349,10,3 Star,2019,UTSA,DEFENSE
2350,10,3 Star,2019,UTSA,OFFENSE
2351,1,4 Star,2019,UTSA,OFFENSE
2352,1,2 Star,2020,UTSA,DEFENSE
2353,2,2 Star,2020,UTSA,SPECIAL
2354,6,3 Star,2020,UTSA,DEFENSE
2355,12,3 Star,2020,UTSA,OFFENSE
2356,1,4 Star,2020,UTSA,DEFENSE
2357,1,2 Star,2021,UTSA,OFFENSE
2358,17,3 Star,2021,UTSA,DEFENSE
2359,10,3 Star,2021,UTSA,OFFENSE
2360,9,3 Star,2022,UTSA,DEFENSE
2361,10,3 Star,2022,UTSA,OFFENSE
2362,1,3 Star,2022,UTSA,SPECIAL
2363,1,2 Star,2019,Utah,DEFENSE
2364,3,2 Star,2019,Utah,OFFENSE
2365,1,2 Star,2019,Utah,SPECIAL
2366,9,3 Star,2019,Utah,DEFENSE
2367,11,3 Star,2019,Utah,OFFENSE
2368,2,3 Star,2019,Utah,SPECIAL
2369,1,4 Star,2019,Utah,DEFENSE
2370,4,4 Star,2019,Utah,OFFENSE
2371,1,5 Star,2019,Utah,DEFENSE
2372,10,3 Star,2020,Utah,DEFENSE
2373,7,3 Star,2020,Utah,OFFENSE
2374,3,3 Star,2020,Utah,SPECIAL
2375,4,4 Star,2020,Utah,DEFENSE
2376,8,3 Star,2021,Utah,DEFENSE
2377,11,3 Star,2021,Utah,OFFENSE
2378,2,3 Star,2021,Utah,SPECIAL
2379,4,4 Star,2021,Utah,DEFENSE
2380,2,4 Star,2021,Utah,OFFENSE
2381,7,3 Star,2022,Utah,DEFENSE
2382,8,3 Star,2022,Utah,OFFENSE
2383,2,3 Star,2022,Utah,SPECIAL
2384,3,4 Star,2022,Utah,DEFENSE
2385,2,4 Star,2022,Utah,OFFENSE
2386,4,2 Star,2019,Utah St.,DEFENSE
2387,5,2 Star,2019,Utah St.,OFFENSE
2388,2,2 Star,2019,Utah St.,SPECIAL
2389,8,3 Star,2019,Utah St.,DEFENSE
2390,16,3 Star,2019,Utah St.,OFFENSE
2391,3,3 Star,2019,Utah St.,SPECIAL
2392,3,2 Star,2020,Utah St.,DEFENSE
2393,1,2 Star,2020,Utah St.,OFFENSE
2394,5,2 Star,2020,Utah St.,SPECIAL
2395,8,3 Star,2020,Utah St.,DEFENSE
2396,8,3 Star,2020,Utah St.,OFFENSE
2397,3,2 Star,2021,Utah St.,OFFENSE
2398,1,2 Star,2021,Utah St.,SPECIAL
2399,10,3 Star,2021,Utah St.,DEFENSE
2400,4,3 Star,2021,Utah St.,OFFENSE
2401,2,3 Star,2021,Utah St.,SPECIAL
2402,1,2 Star,2022,Utah St.,DEFENSE
2403,10,3 Star,2022,Utah St.,DEFENSE
2404,12,3 Star,2022,Utah St.,OFFENSE
2405,3,3 Star,2022,Utah St.,SPECIAL
2406,1,4 Star,2022,Utah St.,OFFENSE
2407,1,2 Star,2019,Vanderbilt,OFFENSE
2408,1,2 Star,2019,Vanderbilt,SPECIAL
2409,11,3 Star,2019,Vanderbilt,DEFENSE
2410,9,3 Star,2019,Vanderbilt,OFFENSE
2411,3,3 Star,2019,Vanderbilt,SPECIAL
2412,1,4 Star,2019,Vanderbilt,DEFENSE
2413,1,4 Star,2019,Vanderbilt,OFFENSE
2414,1,2 Star,2020,Vanderbilt,SPECIAL
2415,5,3 Star,2020,Vanderbilt,DEFENSE
2416,14,3 Star,2020,Vanderbilt,OFFENSE
2417,2,3 Star,2020,Vanderbilt,SPECIAL
2418,12,3 Star,2021,Vanderbilt,DEFENSE
2419,12,3 Star,2021,Vanderbilt,OFFENSE
2420,2,3 Star,2021,Vanderbilt,SPECIAL
2421,1,4 Star,2021,Vanderbilt,DEFENSE
2422,13,3 Star,2022,Vanderbilt,DEFENSE
2423,15,3 Star,2022,Vanderbilt,OFFENSE
2424,3,3 Star,2022,Vanderbilt,SPECIAL
2425,2,4 Star,2022,Vanderbilt,DEFENSE
2426,10,3 Star,2019,Virginia,DEFENSE
2427,13,3 Star,2019,Virginia,OFFENSE
2428,1,3 Star,2019,Virginia,SPECIAL
2429,1,4 Star,2019,Virginia,DEFENSE
2430,9,3 Star,2020,Virginia,DEFENSE
2431,8,3 Star,2020,Virginia,OFFENSE
2432,1,3 Star,2020,Virginia,SPECIAL
2433,1,4 Star,2020,Virginia,DEFENSE
2434,2,4 Star,2020,Virginia,OFFENSE
2435,1,2 Star,2021,Virginia,DEFENSE
2436,9,3 Star,2021,Virginia,DEFENSE
2437,13,3 Star,2021,Virginia,OFFENSE
2438,5,3 Star,2021,Virginia,SPECIAL
2439,2,4 Star,2021,Virginia,DEFENSE
2440,1,4 Star,2021,Virginia,OFFENSE
2441,7,3 Star,2022,Virginia,DEFENSE
2442,12,3 Star,2022,Virginia,OFFENSE
2443,1,3 Star,2022,Virginia,SPECIAL
2444,2,4 Star,2022,Virginia,DEFENSE
2445,2,4 Star,2022,Virginia,OFFENSE
2446,1,2 Star,2019,Virginia Tech,DEFENSE
2447,9,3 Star,2019,Virginia Tech,DEFENSE
2448,8,3 Star,2019,Virginia Tech,OFFENSE
2449,1,3 Star,2019,Virginia Tech,SPECIAL
2450,5,4 Star,2019,Virginia Tech,OFFENSE
2451,3,4 Star,2019,Virginia Tech,SPECIAL
2452,1,2 Star,2020,Virginia Tech,SPECIAL
2453,6,3 Star,2020,Virginia Tech,DEFENSE
2454,12,3 Star,2020,Virginia Tech,OFFENSE
2455,1,4 Star,2020,Virginia Tech,DEFENSE
2456,1,4 Star,2020,Virginia Tech,OFFENSE
2457,1,2 Star,2021,Virginia Tech,SPECIAL
2458,14,3 Star,2021,Virginia Tech,DEFENSE
2459,15,3 Star,2021,Virginia Tech,OFFENSE
2460,4,3 Star,2021,Virginia Tech,SPECIAL
2461,8,3 Star,2022,Virginia Tech,DEFENSE
2462,14,3 Star,2022,Virginia Tech,OFFENSE
2463,3,3 Star,2022,Virginia Tech,SPECIAL
2464,2,4 Star,2022,Virginia Tech,DEFENSE
2465,2,4 Star,2022,Virginia Tech,OFFENSE
2466,10,3 Star,2019,Wake Forest,DEFENSE
2467,6,3 Star,2019,Wake Forest,OFFENSE
2468,4,3 Star,2019,Wake Forest,SPECIAL
2469,2,4 Star,2019,Wake Forest,OFFENSE
2470,1,2 Star,2020,Wake Forest,DEFENSE
2471,1,2 Star,2020,Wake Forest,OFFENSE
2472,1,2 Star,2020,Wake Forest,SPECIAL
2473,7,3 Star,2020,Wake Forest,DEFENSE
2474,15,3 Star,2020,Wake Forest,OFFENSE
2475,1,2 Star,2021,Wake Forest,OFFENSE
2476,10,3 Star,2021,Wake Forest,DEFENSE
2477,13,3 Star,2021,Wake Forest,OFFENSE
2478,1,3 Star,2021,Wake Forest,SPECIAL
2479,1,2 Star,2022,Wake Forest,OFFENSE
2480,8,3 Star,2022,Wake Forest,DEFENSE
2481,5,3 Star,2022,Wake Forest,OFFENSE
2482,2,4 Star,2022,Wake Forest,OFFENSE
2483,1,2 Star,2019,Washington,DEFENSE
2484,8,3 Star,2019,Washington,DEFENSE
2485,2,3 Star,2019,Washington,OFFENSE
2486,1,3 Star,2019,Washington,SPECIAL
2487,8,4 Star,2019,Washington,DEFENSE
2488,6,4 Star,2019,Washington,OFFENSE
2489,1,4 Star,2019,Washington,SPECIAL
2490,2,2 Star,2020,Washington,DEFENSE
2491,2,2 Star,2020,Washington,OFFENSE
2492,1,2 Star,2020,Washington,SPECIAL
2493,7,3 Star,2020,Washington,DEFENSE
2494,6,3 Star,2020,Washington,OFFENSE
2495,4,3 Star,2020,Washington,SPECIAL
2496,1,4 Star,2020,Washington,DEFENSE
2497,7,4 Star,2020,Washington,OFFENSE
2498,1,4 Star,2020,Washington,SPECIAL
2499,1,5 Star,2020,Washington,DEFENSE
2500,9,3 Star,2021,Washington,DEFENSE
2501,5,3 Star,2021,Washington,OFFENSE
2502,1,3 Star,2021,Washington,SPECIAL
2503,3,4 Star,2021,Washington,OFFENSE
2504,2,4 Star,2021,Washington,SPECIAL
2505,1,5 Star,2021,Washington,OFFENSE
2506,7,3 Star,2022,Washington,DEFENSE
2507,6,3 Star,2022,Washington,OFFENSE
2508,1,4 Star,2022,Washington,DEFENSE
2509,2,4 Star,2022,Washington,OFFENSE
2510,3,2 Star,2019,Washington St.,DEFENSE
2511,2,2 Star,2019,Washington St.,OFFENSE
2512,1,2 Star,2019,Washington St.,SPECIAL
2513,16,3 Star,2019,Washington St.,DEFENSE
2514,8,3 Star,2019,Washington St.,OFFENSE
2515,2,3 Star,2019,Washington St.,SPECIAL
2516,1,2 Star,2020,Washington St.,OFFENSE
2517,14,3 Star,2020,Washington St.,DEFENSE
2518,10,3 Star,2020,Washington St.,OFFENSE
2519,2,3 Star,2020,Washington St.,SPECIAL
2520,1,4 Star,2020,Washington St.,DEFENSE
2521,14,3 Star,2021,Washington St.,DEFENSE
2522,11,3 Star,2021,Washington St.,OFFENSE
2523,1,3 Star,2021,Washington St.,SPECIAL
2524,13,3 Star,2022,Washington St.,DEFENSE
2525,11,3 Star,2022,Washington St.,OFFENSE
2526,1,4 Star,2022,Washington St.,OFFENSE
2527,1,2 Star,2019,West Virginia,OFFENSE
2528,2,2 Star,2019,West Virginia,SPECIAL
2529,11,3 Star,2019,West Virginia,DEFENSE
2530,12,3 Star,2019,West Virginia,OFFENSE
2531,3,3 Star,2019,West Virginia,SPECIAL
2532,2,4 Star,2019,West Virginia,DEFENSE
2533,1,4 Star,2019,West Virginia,OFFENSE
2534,1,2 Star,2020,West Virginia,SPECIAL
2535,12,3 Star,2020,West Virginia,DEFENSE
2536,14,3 Star,2020,West Virginia,OFFENSE
2537,1,3 Star,2020,West Virginia,SPECIAL
2538,1,4 Star,2020,West Virginia,DEFENSE
2539,9,3 Star,2021,West Virginia,DEFENSE
2540,7,3 Star,2021,West Virginia,OFFENSE
2541,4,4 Star,2021,West Virginia,OFFENSE
2542,11,3 Star,2022,West Virginia,DEFENSE
2543,11,3 Star,2022,West Virginia,OFFENSE
2544,1,3 Star,2022,West Virginia,SPECIAL
2545,1,4 Star,2022,West Virginia,DEFENSE
2546,2,4 Star,2022,West Virginia,OFFENSE
2547,1,2 Star,2019,Western Ky.,DEFENSE
2548,4,2 Star,2019,Western Ky.,OFFENSE
2549,2,2 Star,2019,Western Ky.,SPECIAL
2550,9,3 Star,2019,Western Ky.,DEFENSE
2551,9,3 Star,2019,Western Ky.,OFFENSE
2552,2,3 Star,2019,Western Ky.,SPECIAL
2553,1,4 Star,2019,Western Ky.,DEFENSE
2554,1,4 Star,2019,Western Ky.,OFFENSE
2555,3,2 Star,2020,Western Ky.,DEFENSE
2556,2,2 Star,2020,Western Ky.,OFFENSE
2557,11,3 Star,2020,Western Ky.,DEFENSE
2558,11,3 Star,2020,Western Ky.,OFFENSE
2559,2,3 Star,2020,Western Ky.,SPECIAL
2560,8,2 Star,2021,Western Ky.,OFFENSE
2561,7,3 Star,2021,Western Ky.,DEFENSE
2562,7,3 Star,2021,Western Ky.,OFFENSE
2563,1,4 Star,2021,Western Ky.,DEFENSE
2564,1,2 Star,2022,Western Ky.,OFFENSE
2565,10,3 Star,2022,Western Ky.,DEFENSE
2566,12,3 Star,2022,Western Ky.,OFFENSE
2567,2,3 Star,2022,Western Ky.,SPECIAL
2568,4,2 Star,2019,Western Mich.,DEFENSE
2569,4,2 Star,2019,Western Mich.,OFFENSE
2570,6,3 Star,2019,Western Mich.,DEFENSE
2571,11,3 Star,2019,Western Mich.,OFFENSE
2572,1,3 Star,2019,Western Mich.,SPECIAL
2573,1,2 Star,2020,Western Mich.,OFFENSE
2574,2,2 Star,2020,Western Mich.,SPECIAL
2575,9,3 Star,2020,Western Mich.,DEFENSE
2576,8,3 Star,2020,Western Mich.,OFFENSE
2577,3,3 Star,2020,Western Mich.,SPECIAL
2578,1,2 Star,2021,Western Mich.,DEFENSE
2579,5,3 Star,2021,Western Mich.,DEFENSE
2580,10,3 Star,2021,Western Mich.,OFFENSE
2581,4,3 Star,2021,Western Mich.,SPECIAL
2582,1,2 Star,2022,Western Mich.,DEFENSE
2583,2,2 Star,2022,Western Mich.,OFFENSE
2584,6,3 Star,2022,Western Mich.,DEFENSE
2585,5,3 Star,2022,Western Mich.,OFFENSE
2586,1,3 Star,2022,Western Mich.,SPECIAL
2587,1,2 Star,2019,Wisconsin,SPECIAL
2588,10,3 Star,2019,Wisconsin,DEFENSE
2589,5,3 Star,2019,Wisconsin,OFFENSE
2590,3,3 Star,2019,Wisconsin,SPECIAL
2591,2,4 Star,2019,Wisconsin,OFFENSE
2592,1,5 Star,2019,Wisconsin,OFFENSE
2593,1,2 Star,2020,Wisconsin,DEFENSE
2594,1,2 Star,2020,Wisconsin,OFFENSE
2595,8,3 Star,2020,Wisconsin,DEFENSE
2596,8,3 Star,2020,Wisconsin,OFFENSE
2597,2,4 Star,2020,Wisconsin,DEFENSE
2598,3,4 Star,2020,Wisconsin,OFFENSE
2599,9,3 Star,2021,Wisconsin,DEFENSE
2600,7,3 Star,2021,Wisconsin,OFFENSE
2601,1,3 Star,2021,Wisconsin,SPECIAL
2602,3,4 Star,2021,Wisconsin,DEFENSE
2603,2,4 Star,2021,Wisconsin,OFFENSE
2604,1,5 Star,2021,Wisconsin,OFFENSE
2605,1,2 Star,2022,Wisconsin,SPECIAL
2606,8,3 Star,2022,Wisconsin,DEFENSE
2607,7,3 Star,2022,Wisconsin,OFFENSE
2608,1,3 Star,2022,Wisconsin,SPECIAL
2609,2,4 Star,2022,Wisconsin,DEFENSE
2610,1,4 Star,2022,Wisconsin,OFFENSE
2611,8,2 Star,2019,Wyoming,DEFENSE
2612,5,2 Star,2019,Wyoming,OFFENSE
2613,1,2 Star,2019,Wyoming,SPECIAL
2614,5,3 Star,2019,Wyoming,DEFENSE
2615,6,3 Star,2019,Wyoming,OFFENSE
2616,3,3 Star,2019,Wyoming,SPECIAL
2617,2,2 Star,2020,Wyoming,DEFENSE
2618,2,2 Star,2020,Wyoming,OFFENSE
2619,1,2 Star,2020,Wyoming,SPECIAL
2620,6,3 Star,2020,Wyoming,DEFENSE
2621,11,3 Star,2020,Wyoming,OFFENSE
2622,1,3 Star,2020,Wyoming,SPECIAL
2623,1,2 Star,2021,Wyoming,DEFENSE
2624,8,3 Star,2021,Wyoming,DEFENSE
2625,6,3 Star,2021,Wyoming,OFFENSE
2626,4,3 Star,2021,Wyoming,SPECIAL
2627,1,2 Star,2022,Wyoming,DEFENSE
2628,3,2 Star,2022,Wyoming,OFFENSE
2629,9,3 Star,2022,Wyoming,DEFENSE
2630,4,3 Star,2022,Wyoming,OFFENSE
2631,1,4 Star,2022,Wyoming,OFFENSE
